XSHIFT,XSHIFT_USED,XSHIFT_OPT,XSHIFT_REC,ID,CREATEDTIMESTAMP,REGION,TECHNOLOGY,PROCESS,PRODUCT,PRODUCTGROUP,RETICLEID,SAMPLEID,TRANSACTIONID,METEQUIPID,LOTTYPE,LAYER,SPECIES,OVERLAY
0.984,0,-0.984,-1.1146,1452,36:00.0,FAB-1,ASML,ARF-1,T11.2P,POR,RET-1,3252,MET_3252_2021-16-10T11:58:46.918Z,OVL-2,P,AA,0,1
0.991,0,-0.991,-1.2131,1449,24:00.0,FAB-1,ASML,ARF-1,T11.2P,POR,RET-2,3254,MET_3254_2021-16-10T11:58:18.384Z,OVL-3,P,AA,0,2
0.532,0,-0.532,-0.272,1447,12:00.0,FAB-1,ASML,ARF-1,T11.4P,POR,RET-1,3257,MET_3257_2021-16-10T11:57:59.536Z,OVL-1,P,AA,1,0
0.293,0,-0.293,-0.14865,1445,00:00.0,FAB-1,ASML,ARF-1,T11.4P,POR,RET-3,3260,MET_3260_2021-16-10T11:57:41.228Z,OVL-3,P,AA,1,2
1.252,0,-1.252,-1.225,1443,48:00.0,FAB-1,ASML,ARF-1,T11.2P,POR,RET-2,3262,MET_3262_2021-16-10T11:57:23.429Z,OVL-1,P,AA,0,0
1.107,0,-1.107,-1.13645,1441,36:00.0,FAB-1,ASML,ARF-1,T11.2P,POR,RET-4,3263,MET_3263_2021-16-10T11:57:05.860Z,OVL-3,P,AA,0,2
2.12,0,-2.12,-1.13785,1439,24:00.0,FAB-1,ASML,ARF-1,T11.2P,POR,RET-4,3269,MET_3269_2021-16-10T11:56:47.763Z,OVL-2,P,AA,0,1
-0.396,0,0.396,0.366,1437,12:00.0,FAB-1,ASML,ARF-1,T11.4S,POR,RET-3,3270,MET_3270_2021-16-10T11:56:28.862Z,OVL-3,P,AA,2,2
-0.39,0,0.39,-0.1112,1434,00:00.0,FAB-1,ASML,ARF-1,T11.4P,POR,RET-3,3273,MET_3273_2021-16-10T11:56:01.518Z,OVL-2,P,AA,1,1
-0.103,0,0.103,0.34515,1432,48:00.0,FAB-1,ASML,ARF-1,T11.4S,POR,RET-1,3278,MET_3278_2021-16-10T11:55:41.996Z,OVL-1,P,AA,2,0
0.627,0,-0.627,-0.40505,1430,36:00.0,FAB-1,ASML,ARF-1,T11.4P,POR,RET-1,3280,MET_3280_2021-16-10T11:55:22.406Z,OVL-1,P,AA,1,0
-0.07,0,0.07,-0.31115,1428,24:00.0,FAB-1,ASML,ARF-1,T11.4P,POR,RET-3,3282,MET_3282_2021-16-10T11:54:59.767Z,OVL-2,P,AA,1,1
0.277,0,-0.277,-0.608,1426,12:00.0,FAB-1,ASML,ARF-1,T11.2P,POR,RET-4,3285,MET_3285_2021-16-10T11:54:34.481Z,OVL-2,P,AA,0,1
0.574,0,-0.574,-0.50005,1423,00:00.0,FAB-1,ASML,ARF-1,T11.4P,POR,RET-2,3288,MET_3288_2021-16-10T11:54:06.336Z,OVL-1,P,AA,1,0
-0.384,0,0.384,0.46025,1421,48:00.0,FAB-1,ASML,ARF-1,T11.4S,POR,RET-3,3290,MET_3290_2021-16-10T11:53:47.198Z,OVL-3,P,AA,2,2
-0.686,0,0.686,0.51735,1419,36:00.0,FAB-1,ASML,ARF-1,T11.4S,POR,RET-2,3295,MET_3295_2021-16-10T11:53:30.341Z,OVL-2,P,AA,2,1
0.377,0,-0.377,-0.43645,1417,24:00.0,FAB-1,ASML,ARF-1,T11.4P,POR,RET-4,3297,MET_3297_2021-16-10T11:53:12.607Z,OVL-3,P,AA,1,2
0.635,0,-0.635,-0.4713,1414,12:00.0,FAB-1,ASML,ARF-1,T11.4P,POR,RET-1,3301,MET_3301_2021-16-10T11:52:44.619Z,OVL-1,P,AA,1,0
-0.439,0,0.439,0.44865,1412,00:00.0,FAB-1,ASML,ARF-1,T11.4S,POR,RET-1,3302,MET_3302_2021-16-10T11:52:26.715Z,OVL-3,P,AA,2,2
0.43,0,-0.43,-0.37455,1410,48:00.0,FAB-1,ASML,ARF-1,T11.4P,POR,RET-2,3307,MET_3307_2021-16-10T11:52:07.441Z,OVL-3,P,AA,1,2
-0.201,0,0.201,0.4656,1408,36:00.0,FAB-1,ASML,ARF-1,T11.4S,POR,RET-4,3309,MET_3309_2021-16-10T11:51:48.361Z,OVL-1,P,AA,2,0
0.89,0,-0.89,-0.67145,1406,24:00.0,FAB-1,ASML,ARF-1,T11.2P,POR,RET-1,3311,MET_3311_2021-16-10T11:51:30.607Z,OVL-2,P,AA,0,1
0.268,0,-0.268,-0.3073,1404,12:00.0,FAB-1,ASML,ARF-1,T11.4P,POR,RET-1,3312,MET_3312_2021-16-10T11:51:12.144Z,OVL-3,P,AA,1,2
0.391,0,-0.391,-0.3548,1402,00:00.0,FAB-1,ASML,ARF-1,T11.4P,POR,RET-3,3313,MET_3313_2021-16-10T11:50:53.497Z,OVL-3,P,AA,1,2
0.602,0,-0.602,-0.49585,1400,48:00.0,FAB-1,ASML,ARF-1,T11.2P,POR,RET-1,3314,MET_3314_2021-16-10T11:50:34.627Z,OVL-2,P,AA,0,1
0.586,0,-0.586,-0.3701,1397,36:00.0,FAB-1,ASML,ARF-1,T11.4P,POR,RET-3,3315,MET_3315_2021-16-10T11:50:07.145Z,OVL-1,P,AA,1,0
-0.728,0,0.728,0.56265,1395,24:00.0,FAB-1,ASML,ARF-1,T11.4S,POR,RET-1,3317,MET_3317_2021-16-10T11:49:49.651Z,OVL-2,P,AA,2,1
1.166,0,-1.166,-0.5108,1393,12:00.0,FAB-1,ASML,ARF-1,T11.2P,POR,RET-2,3318,MET_3318_2021-16-10T11:49:31.045Z,OVL-3,P,AA,0,2
-0.181,0,0.181,-0.2492,1391,00:00.0,FAB-1,ASML,ARF-1,T11.4P,POR,RET-3,3319,MET_3319_2021-16-10T11:49:12.718Z,OVL-2,P,AA,1,1
-0.135,0,0.135,-0.2529,1388,48:00.0,FAB-1,ASML,ARF-1,T11.2P,POR,RET-4,3322,MET_3322_2021-16-10T11:48:44.427Z,OVL-2,P,AA,0,1
-0.362,0,0.362,0.45395,1386,36:00.0,FAB-1,ASML,ARF-1,T11.4S,POR,RET-3,3325,MET_3325_2021-16-10T11:48:23.313Z,OVL-2,P,AA,2,1
-0.07,0,0.07,-0.445,1384,24:00.0,FAB-1,ASML,ARF-1,T11.2P,POR,RET-1,3327,MET_3327_2021-16-10T11:48:04.720Z,OVL-2,P,AA,0,1
0.623,0,-0.623,-0.6838,1382,12:00.0,FAB-1,ASML,ARF-1,T11.2P,POR,RET-4,3329,MET_3329_2021-16-10T11:47:41.449Z,OVL-2,P,AA,0,1
1.14,0,-1.14,-0.75405,1379,00:00.0,FAB-1,ASML,ARF-1,T11.2P,POR,RET-3,3331,MET_3331_2021-16-10T11:47:09.587Z,OVL-3,P,AA,0,2
-0.897,0,0.897,0.4912,1376,48:00.0,FAB-1,ASML,ARF-1,T11.4S,POR,RET-1,3333,MET_3333_2021-16-10T11:46:28.976Z,OVL-2,P,AA,2,1
0.441,0,-0.441,-0.6188,1374,36:00.0,FAB-1,ASML,ARF-1,T11.2P,POR,RET-2,3338,MET_3338_2021-16-10T11:46:04.768Z,OVL-2,P,AA,0,1
0.392,0,-0.392,-0.7334,1372,24:00.0,FAB-1,ASML,ARF-1,T11.2P,POR,RET-4,3339,MET_3339_2021-16-10T11:45:43.321Z,OVL-2,P,AA,0,1
0.514,0,-0.514,-0.45065,1370,12:00.0,FAB-1,ASML,ARF-1,T11.4P,POR,RET-4,3346,MET_3346_2021-16-10T11:45:20.658Z,OVL-1,P,AA,1,0
0.611,0,-0.611,-0.3993,1368,00:00.0,FAB-1,ASML,ARF-1,T11.4P,POR,RET-2,3347,MET_3347_2021-16-10T11:44:55.557Z,OVL-1,P,AA,1,0
-1.067,0,1.067,0.188,1365,48:00.0,FAB-1,ASML,ARF-1,T11.4P,POR,RET-1,3348,MET_3348_2021-16-10T11:44:29.052Z,OVL-2,P,AA,1,1
0.316,0,-0.316,-0.31605,1362,36:00.0,FAB-1,ASML,ARF-1,T11.4P,POR,RET-4,3349,MET_3349_2021-16-10T11:43:54.585Z,OVL-2,P,AA,1,1
-0.126,0,0.126,0.2526,1359,24:00.0,FAB-1,ASML,ARF-1,T11.4S,POR,RET-2,3350,MET_3350_2021-16-10T11:43:29.359Z,OVL-2,P,AA,2,1
0.289,0,-0.289,-0.3404,1356,12:00.0,FAB-1,ASML,ARF-1,T11.4P,POR,RET-4,3353,MET_3353_2021-16-10T11:43:03.819Z,OVL-3,P,AA,1,2
0.675,0,-0.675,-0.93615,1353,00:00.0,FAB-1,ASML,ARF-1,T11.2P,POR,RET-1,3357,MET_3357_2021-16-10T11:42:38.995Z,OVL-2,P,AA,0,1
1.303,0,-1.303,-1.0938,1350,48:00.0,FAB-1,ASML,ARF-1,T11.2P,POR,RET-1,3360,MET_3360_2021-16-10T11:42:14.114Z,OVL-1,P,AA,0,0
-0.381,0,0.381,0.29835,1347,36:00.0,FAB-1,ASML,ARF-1,T11.4S,POR,RET-1,3367,MET_3367_2021-16-10T11:41:49.130Z,OVL-3,P,AA,2,2
-0.413,0,0.413,0.24265,1344,24:00.0,FAB-1,ASML,ARF-1,T11.4S,POR,RET-4,3370,MET_3370_2021-16-10T11:41:24.421Z,OVL-3,P,AA,2,2
0.229,0,-0.229,-0.3099,1341,12:00.0,FAB-1,ASML,ARF-1,T11.4P,POR,RET-4,3375,MET_3375_2021-16-10T11:40:58.918Z,OVL-3,P,AA,1,2
0.72,0,-0.72,-1.00345,1338,00:00.0,FAB-1,ASML,ARF-1,T11.2P,POR,RET-3,3386,MET_3386_2021-16-10T11:40:33.808Z,OVL-2,P,AA,0,1
0.003,0,-0.003,-0.7525,1335,48:00.0,FAB-1,ASML,ARF-1,T11.2P,POR,RET-4,3388,MET_3388_2021-16-10T11:40:07.222Z,OVL-2,P,AA,0,1
1.177,0,-1.177,-1.17025,1332,36:00.0,FAB-1,ASML,ARF-1,T11.2P,POR,RET-3,3389,MET_3389_2021-16-10T11:39:41.787Z,OVL-3,P,AA,0,2
1.072,0,-1.072,-1.1935,1329,24:00.0,FAB-1,ASML,ARF-1,T11.2P,POR,RET-1,3391,MET_3391_2021-16-10T11:39:16.493Z,OVL-3,P,AA,0,2
1.231,0,-1.231,-1.27295,1326,12:00.0,FAB-1,ASML,ARF-1,T11.2P,POR,RET-4,3392,MET_3392_2021-16-10T11:38:51.166Z,OVL-3,P,AA,0,2
0.286,0,-0.286,-0.3335,1323,00:00.0,FAB-1,ASML,ARF-1,T11.4P,POR,RET-4,3404,MET_3404_2021-16-10T11:38:25.650Z,OVL-3,P,AA,1,2
0.89,0,-0.89,-0.3936,1320,48:00.0,FAB-1,ASML,ARF-1,T11.4P,POR,RET-3,3408,MET_3408_2021-16-10T11:38:00.288Z,OVL-2,P,AA,1,1
-0.152,0,0.152,0.1465,1317,36:00.0,FAB-1,ASML,ARF-1,T11.4S,POR,RET-3,3409,MET_3409_2021-16-10T11:37:35.279Z,OVL-1,P,AA,2,0
1.163,0,-1.163,-1.2939,1314,24:00.0,FAB-1,ASML,ARF-1,T11.2P,POR,RET-2,3413,MET_3413_2021-16-10T11:37:10.266Z,OVL-3,P,AA,0,2
-0.174,0,0.174,-0.17475,1311,12:00.0,FAB-1,ASML,ARF-1,T11.4P,POR,RET-4,3416,MET_3416_2021-16-10T11:36:45.399Z,OVL-2,P,AA,1,1
0.127,0,-0.127,-0.39235,1308,00:00.0,FAB-1,ASML,ARF-1,T11.4P,POR,RET-4,3418,MET_3418_2021-16-10T11:36:20.554Z,OVL-2,P,AA,1,1
1.393,0,-1.393,-1.3567,1305,48:00.0,FAB-1,ASML,ARF-1,T11.2P,POR,RET-3,3420,MET_3420_2021-16-10T11:35:55.499Z,OVL-1,P,AA,0,0
0.533,0,-0.533,-0.5284,1302,36:00.0,FAB-1,ASML,ARF-1,T11.4P,POR,RET-1,3421,MET_3421_2021-16-10T11:35:30.874Z,OVL-1,P,AA,1,0
0.405,0,-0.405,-0.5237,1299,24:00.0,FAB-1,ASML,ARF-1,T11.4P,POR,RET-4,3422,MET_3422_2021-16-10T11:35:05.117Z,OVL-3,P,AA,1,2
0.731,0,-0.731,-0.59895,1296,12:00.0,FAB-1,ASML,ARF-1,T11.4P,POR,RET-2,3430,MET_3430_2021-16-10T11:34:39.966Z,OVL-2,P,AA,1,1
1.38,0,-1.38,-1.3347,1293,00:00.0,FAB-1,ASML,ARF-1,T11.2P,POR,RET-1,3436,MET_3436_2021-16-10T11:34:14.779Z,OVL-1,P,AA,0,0
0.48,0,-0.48,-0.518,1290,48:00.0,FAB-1,ASML,ARF-1,T11.4P,POR,RET-3,3439,MET_3439_2021-16-10T11:33:49.257Z,OVL-3,P,AA,1,2
-0.157,0,0.157,0.14395,1287,36:00.0,FAB-1,ASML,ARF-1,T11.4S,POR,RET-2,3442,MET_3442_2021-16-10T11:33:23.905Z,OVL-1,P,AA,2,0
1.315,0,-1.315,-1.2817,1284,24:00.0,FAB-1,ASML,ARF-1,T11.2P,POR,RET-2,3444,MET_3444_2021-16-10T11:32:58.408Z,OVL-1,P,AA,0,0
0.448,0,-0.448,-0.5221,1281,12:00.0,FAB-1,ASML,ARF-1,T11.4P,POR,RET-4,3445,MET_3445_2021-16-10T11:32:33.178Z,OVL-2,P,AA,1,1
0.72,0,-0.72,-0.5773,1278,00:00.0,FAB-1,ASML,ARF-1,T11.4P,POR,RET-2,3449,MET_3449_2021-16-10T11:32:07.928Z,OVL-2,P,AA,1,1
-1.185,0,1.185,0.50375,1275,48:00.0,FAB-1,ASML,ARF-1,T11.4S,POR,RET-3,3452,MET_3452_2021-16-10T11:31:42.751Z,OVL-2,P,AA,2,1
0.063,0,-0.063,-0.8435,1272,36:00.0,FAB-1,ASML,ARF-1,T11.2P,POR,RET-4,3455,MET_3455_2021-16-10T11:31:17.771Z,OVL-2,P,AA,0,1
0.51,0,-0.51,-0.5119,1269,24:00.0,FAB-1,ASML,ARF-1,T11.4P,POR,RET-3,3456,MET_3456_2021-16-10T11:30:52.494Z,OVL-1,P,AA,1,0
-0.156,0,0.156,0.15835,1266,12:00.0,FAB-1,ASML,ARF-1,T11.4S,POR,RET-2,3462,MET_3462_2021-16-10T11:30:27.465Z,OVL-1,P,AA,2,0
1.307,0,-1.307,-1.20995,1263,00:00.0,FAB-1,ASML,ARF-1,T11.2P,POR,RET-2,3463,MET_3463_2021-16-10T11:29:51.377Z,OVL-1,P,AA,0,0
0.35,0,-0.35,-0.49855,1260,48:00.0,FAB-1,ASML,ARF-1,T11.4P,POR,RET-4,3464,MET_3464_2021-16-10T11:29:27.074Z,OVL-3,P,AA,1,2
1.302,0,-1.302,-1.16005,1257,36:00.0,FAB-1,ASML,ARF-1,T11.2P,POR,RET-4,3465,MET_3465_2021-16-10T11:29:02.371Z,OVL-1,P,AA,0,0
0.616,0,-0.616,-0.56875,1254,24:00.0,FAB-1,ASML,ARF-1,T11.4P,POR,RET-3,3469,MET_3469_2021-16-10T11:28:38.355Z,OVL-1,P,AA,1,0
-0.106,0,0.106,0.19705,1251,12:00.0,FAB-1,ASML,ARF-1,T11.4S,POR,RET-3,3472,MET_3472_2021-16-10T11:28:14.031Z,OVL-1,P,AA,2,0
-0.139,0,0.139,0.2711,1248,00:00.0,FAB-1,ASML,ARF-1,T11.4S,POR,RET-4,3474,MET_3474_2021-16-10T11:27:49.668Z,OVL-1,P,AA,2,0
0.708,0,-0.708,-0.52665,1245,48:00.0,FAB-1,ASML,ARF-1,T11.4P,POR,RET-3,3476,MET_3476_2021-16-10T11:27:25.280Z,OVL-2,P,AA,1,1
0.33,0,-0.33,-0.42055,1242,36:00.0,FAB-1,ASML,ARF-1,T11.4P,POR,RET-4,3481,MET_3481_2021-16-10T11:27:00.965Z,OVL-3,P,AA,1,2
0.619,0,-0.619,-0.45895,1239,24:00.0,FAB-1,ASML,ARF-1,T11.4P,POR,RET-1,3485,MET_3485_2021-16-10T11:26:36.625Z,OVL-1,P,AA,1,0
-0.159,0,0.159,0.34365,1236,12:00.0,FAB-1,ASML,ARF-1,T11.4S,POR,RET-4,3486,MET_3486_2021-16-10T11:26:12.654Z,OVL-1,P,AA,2,0
0.346,0,-0.346,-0.3787,1233,00:00.0,FAB-1,ASML,ARF-1,T11.4P,POR,RET-2,3495,MET_3495_2021-16-10T11:25:48.194Z,OVL-2,P,AA,1,1
0.413,0,-0.413,-0.41725,1230,48:00.0,FAB-1,ASML,ARF-1,T11.4P,POR,RET-1,3499,MET_3499_2021-16-10T11:25:24.163Z,OVL-3,P,AA,1,2
1.325,0,-1.325,-1.1197,1227,36:00.0,FAB-1,ASML,ARF-1,T11.2P,POR,RET-1,3502,MET_3502_2021-16-10T11:24:59.993Z,OVL-1,P,AA,0,0
-0.512,0,0.512,0.3942,1224,24:00.0,FAB-1,ASML,ARF-1,T11.4S,POR,RET-3,3505,MET_3505_2021-16-10T11:24:35.873Z,OVL-2,P,AA,2,1
0.383,0,-0.383,-0.43335,1221,12:00.0,FAB-1,ASML,ARF-1,T11.4P,POR,RET-4,3507,MET_3507_2021-16-10T11:24:11.447Z,OVL-3,P,AA,1,2
0.315,0,-0.315,-0.4663,1218,00:00.0,FAB-1,ASML,ARF-1,T11.4P,POR,RET-4,3514,MET_3514_2021-16-10T11:23:47.454Z,OVL-2,P,AA,1,1
0.61,0,-0.61,-0.49515,1215,48:00.0,FAB-1,ASML,ARF-1,T11.4P,POR,RET-2,3518,MET_3518_2021-16-10T11:23:23.296Z,OVL-1,P,AA,1,0
0.711,0,-0.711,-1.0377,1212,36:00.0,FAB-1,ASML,ARF-1,T11.2P,POR,RET-3,3519,MET_3519_2021-16-10T11:22:59.271Z,OVL-2,P,AA,0,1
1.107,0,-1.107,-1.2301,1209,24:00.0,FAB-1,ASML,ARF-1,T11.2P,POR,RET-3,3522,MET_3522_2021-16-10T11:22:35.525Z,OVL-3,P,AA,0,2
0.449,0,-0.449,-0.368,1206,12:00.0,FAB-1,ASML,ARF-1,T11.4P,POR,RET-1,3526,MET_3526_2021-16-10T11:22:11.584Z,OVL-3,P,AA,1,2
0.624,0,-0.624,-0.35185,1203,00:00.0,FAB-1,ASML,ARF-1,T11.4P,POR,RET-4,3535,MET_3535_2021-16-10T11:21:47.703Z,OVL-1,P,AA,1,0
0.403,0,-0.403,-0.272,1200,48:00.0,FAB-1,ASML,ARF-1,T11.4P,POR,RET-1,3536,MET_3536_2021-16-10T11:21:23.553Z,OVL-3,P,AA,1,2
-1.215,0,1.215,0.2943,1197,36:00.0,FAB-1,ASML,ARF-1,T11.4P,POR,RET-4,3540,MET_3540_2021-16-10T11:20:59.424Z,OVL-2,P,AA,1,1
-0.317,0,0.317,-0.21205,1194,24:00.0,FAB-1,ASML,ARF-1,T11.4P,POR,RET-4,3543,MET_3543_2021-16-10T11:20:35.683Z,OVL-2,P,AA,1,1
1.297,0,-1.297,-1.31535,1191,12:00.0,FAB-1,ASML,ARF-1,T11.2P,POR,RET-4,3544,MET_3544_2021-16-10T11:20:10.720Z,OVL-1,P,AA,0,0
0.436,0,-0.436,-0.45315,1188,00:00.0,FAB-1,ASML,ARF-1,T11.4P,POR,RET-2,3549,MET_3549_2021-16-10T11:19:43.967Z,OVL-3,P,AA,1,2
1.245,0,-1.245,-1.14145,1185,48:00.0,FAB-1,ASML,ARF-1,T11.2P,POR,RET-4,3550,MET_3550_2021-16-10T11:19:20.371Z,OVL-1,P,AA,0,0
-0.332,0,0.332,0.30085,1182,36:00.0,FAB-1,ASML,ARF-1,T11.4S,POR,RET-4,3552,MET_3552_2021-16-10T11:18:56.708Z,OVL-3,P,AA,2,2
0.614,0,-0.614,-0.4246,1179,24:00.0,FAB-1,ASML,ARF-1,T11.4P,POR,RET-4,3556,MET_3556_2021-16-10T11:18:33.152Z,OVL-1,P,AA,1,0
1.319,0,-1.319,-1.13435,1176,12:00.0,FAB-1,ASML,ARF-1,T11.2P,POR,RET-1,3559,MET_3559_2021-16-10T11:18:09.473Z,OVL-1,P,AA,0,0
-0.61,0,0.61,0.28255,1173,00:00.0,FAB-1,ASML,ARF-1,T11.4S,POR,RET-3,3561,MET_3561_2021-16-10T11:17:45.906Z,OVL-2,P,AA,2,1
-0.042,0,0.042,0.1161,1170,48:00.0,FAB-1,ASML,ARF-1,T11.4S,POR,RET-4,3566,MET_3566_2021-16-10T11:17:22.313Z,OVL-1,P,AA,2,0
0.618,0,-0.618,-0.27105,1167,36:00.0,FAB-1,ASML,ARF-1,T11.4P,POR,RET-1,3569,MET_3569_2021-16-10T11:16:58.521Z,OVL-1,P,AA,1,0
-1.363,0,1.363,0.57845,1164,24:00.0,FAB-1,ASML,ARF-1,T11.4S,POR,RET-2,3570,MET_3570_2021-16-10T11:16:35.160Z,OVL-2,P,AA,2,1
0.448,0,-0.448,-1.0399,1161,12:00.0,FAB-1,ASML,ARF-1,T11.2P,POR,RET-4,3572,MET_3572_2021-16-10T11:16:11.594Z,OVL-2,P,AA,0,1
-0.03,0,0.03,-0.1214,1158,00:00.0,FAB-1,ASML,ARF-1,T11.4P,POR,RET-3,3577,MET_3577_2021-16-10T11:15:47.713Z,OVL-2,P,AA,1,1
-0.074,0,0.074,0.1606,1155,48:00.0,FAB-1,ASML,ARF-1,T11.4S,POR,RET-3,3588,MET_3588_2021-16-10T11:15:24.388Z,OVL-1,P,AA,2,0
0.559,0,-0.559,-0.2654,1152,36:00.0,FAB-1,ASML,ARF-1,T11.4P,POR,RET-4,3590,MET_3590_2021-16-10T11:15:00.772Z,OVL-1,P,AA,1,0
-0.453,0,0.453,-0.16105,1149,24:00.0,FAB-1,ASML,ARF-1,T11.4P,POR,RET-2,3591,MET_3591_2021-16-10T11:14:36.923Z,OVL-2,P,AA,1,1
0.368,0,-0.368,-0.5101,1146,12:00.0,FAB-1,ASML,ARF-1,T11.4P,POR,RET-2,3598,MET_3598_2021-16-10T11:14:13.596Z,OVL-3,P,AA,1,2
-0.253,0,0.253,0.19445,1143,00:00.0,FAB-1,ASML,ARF-1,T11.4S,POR,RET-3,3599,MET_3599_2021-16-10T11:13:50.450Z,OVL-3,P,AA,2,2
1.431,0,-1.431,-1.34585,1140,48:00.0,FAB-1,ASML,ARF-1,T11.2P,POR,RET-1,3602,MET_3602_2021-16-10T11:13:27.212Z,OVL-1,P,AA,0,0
0.551,0,-0.551,-0.60245,1137,36:00.0,FAB-1,ASML,ARF-1,T11.4P,POR,RET-3,3605,MET_3605_2021-16-10T11:13:03.721Z,OVL-1,P,AA,1,0
0.535,0,-0.535,-0.66545,1134,24:00.0,FAB-1,ASML,ARF-1,T11.4P,POR,RET-1,3615,MET_3615_2021-16-10T11:12:40.295Z,OVL-3,P,AA,1,2
1.434,0,-1.434,-1.3144,1131,12:00.0,FAB-1,ASML,ARF-1,T11.2P,POR,RET-3,3618,MET_3618_2021-16-10T11:12:17.167Z,OVL-1,P,AA,0,0
1.188,0,-1.188,-1.2734,1128,00:00.0,FAB-1,ASML,ARF-1,T11.2P,POR,RET-1,3625,MET_3625_2021-16-10T11:11:53.912Z,OVL-3,P,AA,0,2
1.207,0,-1.207,-1.3324,1125,48:00.0,FAB-1,ASML,ARF-1,T11.2P,POR,RET-3,3627,MET_3627_2021-16-10T11:11:30.637Z,OVL-3,P,AA,0,2
0.743,0,-0.743,-0.6862,1122,36:00.0,FAB-1,ASML,ARF-1,T11.4P,POR,RET-3,3628,MET_3628_2021-16-10T11:11:07.413Z,OVL-1,P,AA,1,0
0.502,0,-0.502,-0.5678,1119,24:00.0,FAB-1,ASML,ARF-1,T11.4P,POR,RET-2,3629,MET_3629_2021-16-10T11:10:44.029Z,OVL-3,P,AA,1,2
1.039,0,-1.039,-0.60645,1116,12:00.0,FAB-1,ASML,ARF-1,T11.4P,POR,RET-4,3632,MET_3632_2021-16-10T11:10:20.595Z,OVL-2,P,AA,1,1
1.357,0,-1.357,-1.3857,1113,00:00.0,FAB-1,ASML,ARF-1,T11.2P,POR,RET-1,3638,MET_3638_2021-16-10T11:09:56.929Z,OVL-1,P,AA,0,0
0.724,0,-0.724,-0.4001,1110,48:00.0,FAB-1,ASML,ARF-1,T11.4P,POR,RET-3,3639,MET_3639_2021-16-10T11:09:33.836Z,OVL-1,P,AA,1,0
1.411,0,-1.411,-1.3683,1107,36:00.0,FAB-1,ASML,ARF-1,T11.2P,POR,RET-3,3640,MET_3640_2021-16-10T11:09:10.511Z,OVL-1,P,AA,0,0
1.456,0,-1.456,-1.33315,1104,24:00.0,FAB-1,ASML,ARF-1,T11.2P,POR,RET-2,3641,MET_3641_2021-16-10T11:08:47.348Z,OVL-1,P,AA,0,0
-0.116,0,0.116,0.16175,1101,12:00.0,FAB-1,ASML,ARF-1,T11.4S,POR,RET-3,3643,MET_3643_2021-16-10T11:08:23.746Z,OVL-1,P,AA,2,0
-0.315,0,0.315,-0.2528,1098,00:00.0,FAB-1,ASML,ARF-1,T11.4P,POR,RET-1,3644,MET_3644_2021-16-10T11:08:00.498Z,OVL-2,P,AA,1,1
1.402,0,-1.402,-1.2306,1095,48:00.0,FAB-1,ASML,ARF-1,T11.2P,POR,RET-3,3646,MET_3646_2021-16-10T11:07:37.994Z,OVL-1,P,AA,0,0
0.696,0,-0.696,-0.57795,1092,36:00.0,FAB-1,ASML,ARF-1,T11.4P,POR,RET-4,3648,MET_3648_2021-16-10T11:07:14.955Z,OVL-1,P,AA,1,0
-0.298,0,0.298,0.20075,1089,24:00.0,FAB-1,ASML,ARF-1,T11.4S,POR,RET-1,3649,MET_3649_2021-16-10T11:06:51.340Z,OVL-3,P,AA,2,2
1.13,0,-1.13,-1.05905,1086,12:00.0,FAB-1,ASML,ARF-1,T11.2P,POR,RET-3,3650,MET_3650_2021-16-10T11:06:28.552Z,OVL-3,P,AA,0,2
-0.071,0,0.071,0.15635,1083,00:00.0,FAB-1,ASML,ARF-1,T11.4S,POR,RET-1,3651,MET_3651_2021-16-10T11:06:05.255Z,OVL-1,P,AA,2,0
0.408,0,-0.408,-0.53405,1080,48:00.0,FAB-1,ASML,ARF-1,T11.4P,POR,RET-1,3652,MET_3652_2021-16-10T11:05:42.317Z,OVL-3,P,AA,1,2
1.211,0,-1.211,-1.013,1077,36:00.0,FAB-1,ASML,ARF-1,T11.2P,POR,RET-3,3654,MET_3654_2021-16-10T11:05:19.375Z,OVL-3,P,AA,0,2
-0.133,0,0.133,0.1824,1074,24:00.0,FAB-1,ASML,ARF-1,T11.4S,POR,RET-2,3664,MET_3664_2021-16-10T11:04:56.438Z,OVL-1,P,AA,2,0
1.308,0,-1.308,-0.94215,1071,12:00.0,FAB-1,ASML,ARF-1,T11.2P,POR,RET-3,3665,MET_3665_2021-16-10T11:04:34.070Z,OVL-3,P,AA,0,2
0.501,0,-0.501,-0.6171,1068,00:00.0,FAB-1,ASML,ARF-1,T11.4P,POR,RET-3,3669,MET_3669_2021-16-10T11:04:11.248Z,OVL-3,P,AA,1,2
0.646,0,-0.646,-0.70225,1065,48:00.0,FAB-1,ASML,ARF-1,T11.4P,POR,RET-2,3672,MET_3672_2021-16-10T11:03:48.813Z,OVL-1,P,AA,1,0
0.38,0,-0.38,-0.7759,1062,36:00.0,FAB-1,ASML,ARF-1,T11.2P,POR,RET-3,3673,MET_3673_2021-16-10T11:03:25.497Z,OVL-2,P,AA,0,1
0.705,0,-0.705,-0.7309,1059,24:00.0,FAB-1,ASML,ARF-1,T11.4P,POR,RET-1,3678,MET_3678_2021-16-10T11:03:02.643Z,OVL-2,P,AA,1,1
-0.25,0,0.25,0.18145,1056,12:00.0,FAB-1,ASML,ARF-1,T11.4S,POR,RET-3,3683,MET_3683_2021-16-10T11:02:35.424Z,OVL-3,P,AA,2,2
0.844,0,-0.844,-1.02735,1053,00:00.0,FAB-1,ASML,ARF-1,T11.2P,POR,RET-3,3684,MET_3684_2021-16-10T11:02:07.501Z,OVL-2,P,AA,0,1
0.621,0,-0.621,-0.6935,1050,48:00.0,FAB-1,ASML,ARF-1,T11.4P,POR,RET-3,3687,MET_3687_2021-16-10T11:01:36.759Z,OVL-1,P,AA,1,0
1.191,0,-1.191,-1.1598,1047,36:00.0,FAB-1,ASML,ARF-1,T11.2P,POR,RET-4,3688,MET_3688_2021-16-10T11:01:09.945Z,OVL-2,P,AA,0,1
0.838,0,-0.838,-1.1645,1044,24:00.0,FAB-1,ASML,ARF-1,T11.2P,POR,RET-3,3696,MET_3696_2021-16-10T11:00:46.367Z,OVL-2,P,AA,0,1
-0.292,0,0.292,0.12785,1041,12:00.0,FAB-1,ASML,ARF-1,T11.4S,POR,RET-3,3698,MET_3698_2021-16-10T11:00:18.516Z,OVL-3,P,AA,2,2
0.922,0,-0.922,-0.6503,1038,00:00.0,FAB-1,ASML,ARF-1,T11.4P,POR,RET-1,3700,MET_3700_2021-16-10T10:59:48.476Z,OVL-2,P,AA,1,1
1.36,0,-1.36,-1.3343,1035,48:00.0,FAB-1,ASML,ARF-1,T11.2P,POR,RET-1,3703,MET_3703_2021-16-10T10:59:26.310Z,OVL-1,P,AA,0,0
-0.089,0,0.089,0.0446,1032,36:00.0,FAB-1,ASML,ARF-1,T11.4S,POR,RET-4,3704,MET_3704_2021-16-10T10:59:03.796Z,OVL-1,P,AA,2,0
1.252,0,-1.252,-1.3548,1029,24:00.0,FAB-1,ASML,ARF-1,T11.2P,POR,RET-4,3705,MET_3705_2021-16-10T10:58:41.123Z,OVL-3,P,AA,0,2
0.748,0,-0.748,-0.49455,1026,12:00.0,FAB-1,ASML,ARF-1,T11.4P,POR,RET-3,3706,MET_3706_2021-16-10T10:58:18.691Z,OVL-1,P,AA,1,0
-0.962,0,0.962,0.10395,1023,00:00.0,FAB-1,ASML,ARF-1,T11.4P,POR,RET-3,3719,MET_3719_2021-16-10T10:57:54.944Z,OVL-2,P,AA,1,1
1.473,0,-1.473,-1.4294,1020,48:00.0,FAB-1,ASML,ARF-1,T11.2P,POR,RET-2,3720,MET_3720_2021-16-10T10:57:32.616Z,OVL-1,P,AA,0,0
0.646,0,-0.646,-0.4005,1017,36:00.0,FAB-1,ASML,ARF-1,T11.4P,POR,RET-2,3721,MET_3721_2021-16-10T10:57:09.921Z,OVL-1,P,AA,1,0
1.197,0,-1.197,-1.3509,1014,24:00.0,FAB-1,ASML,ARF-1,T11.2P,POR,RET-2,3724,MET_3724_2021-16-10T10:56:47.491Z,OVL-3,P,AA,0,2
-0.017,0,0.017,-0.30255,1011,12:00.0,FAB-1,ASML,ARF-1,T11.4P,POR,RET-2,3728,MET_3728_2021-16-10T10:56:25.236Z,OVL-2,P,AA,1,1
0.279,0,-0.279,-0.4923,1008,00:00.0,FAB-1,ASML,ARF-1,T11.4P,POR,RET-1,3730,MET_3730_2021-16-10T10:56:02.846Z,OVL-2,P,AA,1,1
0.656,0,-0.656,-0.5992,1005,48:00.0,FAB-1,ASML,ARF-1,T11.4P,POR,RET-1,3731,MET_3731_2021-16-10T10:55:40.532Z,OVL-1,P,AA,1,0
1.423,0,-1.423,-1.4055,1002,36:00.0,FAB-1,ASML,ARF-1,T11.2P,POR,RET-4,3732,MET_3732_2021-16-10T10:55:18.366Z,OVL-1,P,AA,0,0
-0.032,0,0.032,0.03265,999,24:00.0,FAB-1,ASML,ARF-1,T11.4S,POR,RET-2,3736,MET_3736_2021-16-10T10:54:56.151Z,OVL-1,P,AA,2,0
1.91,0,-1.91,-1.40355,996,12:00.0,FAB-1,ASML,ARF-1,T11.2P,POR,RET-4,3744,MET_3744_2021-16-10T10:54:34.077Z,OVL-2,P,AA,0,1
0.033,0,-0.033,0.03455,993,00:00.0,FAB-1,ASML,ARF-1,T11.4S,POR,RET-2,3745,MET_3745_2021-16-10T10:54:12.049Z,OVL-2,P,AA,2,1
0.489,0,-0.489,-0.5539,990,48:00.0,FAB-1,ASML,ARF-1,T11.4P,POR,RET-4,3747,MET_3747_2021-16-10T10:53:50.013Z,OVL-3,P,AA,1,2
0.684,0,-0.684,-0.5926,987,36:00.0,FAB-1,ASML,ARF-1,T11.4P,POR,RET-1,3748,MET_3748_2021-16-10T10:53:28.014Z,OVL-1,P,AA,1,0
-0.383,0,0.383,-0.21915,984,24:00.0,FAB-1,ASML,ARF-1,T11.4P,POR,RET-2,3749,MET_3749_2021-16-10T10:53:05.864Z,OVL-2,P,AA,1,1
0.605,0,-0.605,-0.5596,981,12:00.0,FAB-1,ASML,ARF-1,T11.4P,POR,RET-1,3754,MET_3754_2021-16-10T10:52:43.835Z,OVL-1,P,AA,1,0
0.396,0,-0.396,-0.52175,978,00:00.0,FAB-1,ASML,ARF-1,T11.4P,POR,RET-3,3756,MET_3756_2021-16-10T10:52:21.482Z,OVL-3,P,AA,1,2
0.627,0,-0.627,-0.54265,975,48:00.0,FAB-1,ASML,ARF-1,T11.4P,POR,RET-1,3757,MET_3757_2021-16-10T10:51:59.496Z,OVL-1,P,AA,1,0
0.574,0,-0.574,-0.51785,972,36:00.0,FAB-1,ASML,ARF-1,T11.4P,POR,RET-2,3758,MET_3758_2021-16-10T10:51:37.504Z,OVL-3,P,AA,1,2
0.747,0,-0.747,-0.52015,969,24:00.0,FAB-1,ASML,ARF-1,T11.4P,POR,RET-1,3760,MET_3760_2021-16-10T10:51:15.745Z,OVL-2,P,AA,1,1
-0.009,0,0.009,-0.4083,966,12:00.0,FAB-1,ASML,ARF-1,T11.4P,POR,RET-3,3774,MET_3774_2021-16-10T10:50:53.734Z,OVL-2,P,AA,1,1
0.633,0,-0.633,-0.6123,963,00:00.0,FAB-1,ASML,ARF-1,T11.4P,POR,RET-2,3775,MET_3775_2021-16-10T10:50:31.971Z,OVL-1,P,AA,1,0
0.87,0,-0.87,-1.15555,960,48:00.0,FAB-1,ASML,ARF-1,T11.2P,POR,RET-2,3779,MET_3779_2021-16-10T10:50:10.220Z,OVL-2,P,AA,0,1
0.741,0,-0.741,-0.5472,957,36:00.0,FAB-1,ASML,ARF-1,T11.4P,POR,RET-4,3780,MET_3780_2021-16-10T10:49:48.512Z,OVL-1,P,AA,1,0
1.274,0,-1.274,-1.32345,954,24:00.0,FAB-1,ASML,ARF-1,T11.2P,POR,RET-2,3782,MET_3782_2021-16-10T10:49:27.017Z,OVL-3,P,AA,0,2
0.464,0,-0.464,-0.41725,951,12:00.0,FAB-1,ASML,ARF-1,T11.4P,POR,RET-3,3784,MET_3784_2021-16-10T10:49:05.298Z,OVL-3,P,AA,1,2
0.708,0,-0.708,-0.40755,948,00:00.0,FAB-1,ASML,ARF-1,T11.4P,POR,RET-4,3792,MET_3792_2021-16-10T10:48:43.662Z,OVL-1,P,AA,1,0
-0.039,0,0.039,0.09665,945,48:00.0,FAB-1,ASML,ARF-1,T11.4S,POR,RET-2,3793,MET_3793_2021-16-10T10:48:18.823Z,OVL-1,P,AA,2,0
1.297,0,-1.297,-1.3615,942,36:00.0,FAB-1,ASML,ARF-1,T11.2P,POR,RET-4,3794,MET_3794_2021-16-10T10:47:42.119Z,OVL-3,P,AA,0,2
0.13,0,-0.13,-0.3036,939,24:00.0,FAB-1,ASML,ARF-1,T11.4P,POR,RET-4,3799,MET_3799_2021-16-10T10:47:09.523Z,OVL-2,P,AA,1,1
0.215,0,-0.215,-0.45595,936,12:00.0,FAB-1,ASML,ARF-1,T11.4P,POR,RET-3,3800,MET_3800_2021-16-10T10:46:38.525Z,OVL-2,P,AA,1,1
1.364,0,-1.364,-1.3946,933,00:00.0,FAB-1,ASML,ARF-1,T11.2P,POR,RET-1,3801,MET_3801_2021-16-10T10:46:01.686Z,OVL-1,P,AA,0,0
0.392,0,-0.392,-0.5836,930,48:00.0,FAB-1,ASML,ARF-1,T11.4P,POR,RET-1,3803,MET_3803_2021-16-10T10:45:38.771Z,OVL-3,P,AA,1,2
-0.124,0,0.124,0.1707,927,36:00.0,FAB-1,ASML,ARF-1,T11.4S,POR,RET-1,3808,MET_3808_2021-16-10T10:45:08.484Z,OVL-1,P,AA,2,0
0.509,0,-0.509,-0.6619,924,24:00.0,FAB-1,ASML,ARF-1,T11.4P,POR,RET-1,3810,MET_3810_2021-16-10T10:44:45.204Z,OVL-3,P,AA,1,2
1.371,0,-1.371,-1.4189,921,12:00.0,FAB-1,ASML,ARF-1,T11.2P,POR,RET-1,3812,MET_3812_2021-16-10T10:44:18.583Z,OVL-2,P,AA,0,1
1.497,0,-1.497,-1.44295,918,00:00.0,FAB-1,ASML,ARF-1,T11.2P,POR,RET-1,3813,MET_3813_2021-16-10T10:43:51.010Z,OVL-1,P,AA,0,0
0.992,0,-0.992,-0.7438,915,48:00.0,FAB-1,ASML,ARF-1,T11.4P,POR,RET-3,3816,MET_3816_2021-16-10T10:43:26.432Z,OVL-2,P,AA,1,1
0.642,0,-0.642,-0.62805,912,36:00.0,FAB-1,ASML,ARF-1,T11.4P,POR,RET-3,3822,MET_3822_2021-16-10T10:43:00.260Z,OVL-1,P,AA,1,0
0.489,0,-0.489,-0.6186,909,24:00.0,FAB-1,ASML,ARF-1,T11.4P,POR,RET-1,3828,MET_3828_2021-16-10T10:42:34.216Z,OVL-3,P,AA,1,2
0.33,0,-0.33,-1.0345,906,12:00.0,FAB-1,ASML,ARF-1,T11.2P,POR,RET-1,3830,MET_3830_2021-16-10T10:42:12.249Z,OVL-2,P,AA,0,1
0.68,0,-0.68,-0.67275,903,00:00.0,FAB-1,ASML,ARF-1,T11.4P,POR,RET-2,3832,MET_3832_2021-16-10T10:41:47.682Z,OVL-1,P,AA,1,0
1.254,0,-1.254,-0.87365,900,48:00.0,FAB-1,ASML,ARF-1,T11.4P,POR,RET-2,3841,MET_3841_2021-16-10T10:41:24.300Z,OVL-2,P,AA,1,1
0.726,0,-0.726,-0.66545,897,36:00.0,FAB-1,ASML,ARF-1,T11.4P,POR,RET-3,3844,MET_3844_2021-16-10T10:41:00.763Z,OVL-1,P,AA,1,0
1.356,0,-1.356,-1.38045,894,24:00.0,FAB-1,ASML,ARF-1,T11.2P,POR,RET-1,3845,MET_3845_2021-16-10T10:40:36.782Z,OVL-2,P,AA,0,1
1.433,0,-1.433,-1.36895,891,12:00.0,FAB-1,ASML,ARF-1,T11.2P,POR,RET-1,3846,MET_3846_2021-16-10T10:40:00.125Z,OVL-1,P,AA,0,0
0.724,0,-0.724,-0.62835,888,00:00.0,FAB-1,ASML,ARF-1,T11.4P,POR,RET-3,3848,MET_3848_2021-16-10T10:39:37.774Z,OVL-1,P,AA,1,0
1.573,0,-1.573,-1.3344,885,48:00.0,FAB-1,ASML,ARF-1,T11.2P,POR,RET-1,3850,MET_3850_2021-16-10T10:39:13.652Z,OVL-1,P,AA,0,0
-0.066,0,0.066,0.17745,882,36:00.0,FAB-1,ASML,ARF-1,T11.4S,POR,RET-3,3851,MET_3851_2021-16-10T10:38:50.712Z,OVL-1,P,AA,2,0
0.473,0,-0.473,-0.5925,879,24:00.0,FAB-1,ASML,ARF-1,T11.4P,POR,RET-1,3854,MET_3854_2021-16-10T10:38:26.739Z,OVL-3,P,AA,1,2
0.75,0,-0.75,-0.64115,876,12:00.0,FAB-1,ASML,ARF-1,T11.4P,POR,RET-1,3855,MET_3855_2021-16-10T10:37:59.200Z,OVL-1,P,AA,1,0
1.149,0,-1.149,-1.21475,873,00:00.0,FAB-1,ASML,ARF-1,T11.2P,POR,RET-1,3856,MET_3856_2021-16-10T10:37:20.877Z,OVL-3,P,AA,0,2
1.213,0,-1.213,-1.2435,870,48:00.0,FAB-1,ASML,ARF-1,T11.2P,POR,RET-4,3857,MET_3857_2021-16-10T10:36:39.901Z,OVL-2,P,AA,0,1
-0.033,0,0.033,0.1977,867,36:00.0,FAB-1,ASML,ARF-1,T11.4S,POR,RET-4,3858,MET_3858_2021-16-10T10:36:10.233Z,OVL-1,P,AA,2,0
0.465,0,-0.465,-0.53795,864,24:00.0,FAB-1,ASML,ARF-1,T11.4P,POR,RET-2,3863,MET_3863_2021-16-10T10:35:43.010Z,OVL-3,P,AA,1,2
0.739,0,-0.739,-0.576,861,12:00.0,FAB-1,ASML,ARF-1,T11.4P,POR,RET-3,3865,MET_3865_2021-16-10T10:35:17.107Z,OVL-1,P,AA,1,0
1.248,0,-1.248,-1.2563,858,00:00.0,FAB-1,ASML,ARF-1,T11.2P,POR,RET-2,3867,MET_3867_2021-16-10T10:34:49.455Z,OVL-3,P,AA,0,2
-0.677,0,0.677,0.26895,855,48:00.0,FAB-1,ASML,ARF-1,T11.4S,POR,RET-1,3872,MET_3872_2021-16-10T10:34:09.020Z,OVL-2,P,AA,2,1
0.712,0,-0.712,-0.52495,852,36:00.0,FAB-1,ASML,ARF-1,T11.4P,POR,RET-2,3873,MET_3873_2021-16-10T10:33:42.129Z,OVL-1,P,AA,1,0
0.215,0,-0.215,-0.89475,849,24:00.0,FAB-1,ASML,ARF-1,T11.2P,POR,RET-1,3878,MET_3878_2021-16-10T10:33:17.837Z,OVL-2,P,AA,0,1
-0.053,0,0.053,0.0715,846,12:00.0,FAB-1,ASML,ARF-1,T11.4S,POR,RET-2,3881,MET_3881_2021-16-10T10:32:43.759Z,OVL-1,P,AA,2,0
1.336,0,-1.336,-1.2675,843,00:00.0,FAB-1,ASML,ARF-1,T11.2P,POR,RET-2,3883,MET_3883_2021-16-10T10:32:09.338Z,OVL-3,P,AA,0,2
1.187,0,-1.187,-1.2518,840,48:00.0,FAB-1,ASML,ARF-1,T11.2P,POR,RET-2,3885,MET_3885_2021-16-10T10:31:42.192Z,OVL-2,P,AA,0,1
0.156,0,-0.156,-0.44685,837,36:00.0,FAB-1,ASML,ARF-1,T11.4P,POR,RET-4,3894,MET_3894_2021-16-10T10:31:03.710Z,OVL-2,P,AA,1,1
1.234,0,-1.234,-1.31665,834,24:00.0,FAB-1,ASML,ARF-1,T11.2P,POR,RET-1,3899,MET_3899_2021-16-10T10:30:23.503Z,OVL-3,P,AA,0,2
1.26,0,-1.26,-1.3718,831,12:00.0,FAB-1,ASML,ARF-1,T11.2P,POR,RET-3,3901,MET_3901_2021-16-10T10:29:50.216Z,OVL-3,P,AA,0,2
1.347,0,-1.347,-1.4145,828,00:00.0,FAB-1,ASML,ARF-1,T11.2P,POR,RET-1,3907,MET_3907_2021-16-10T10:29:23.531Z,OVL-3,P,AA,0,2
1.476,0,-1.476,-1.4387,825,48:00.0,FAB-1,ASML,ARF-1,T11.2P,POR,RET-2,3908,MET_3908_2021-16-10T10:28:50.770Z,OVL-1,P,AA,0,0
1.579,0,-1.579,-1.40485,822,36:00.0,FAB-1,ASML,ARF-1,T11.2P,POR,RET-2,3909,MET_3909_2021-16-10T10:28:23.544Z,OVL-1,P,AA,0,0
0.493,0,-0.493,-0.59955,819,24:00.0,FAB-1,ASML,ARF-1,T11.4P,POR,RET-2,3910,MET_3910_2021-16-10T10:28:02.480Z,OVL-3,P,AA,1,2
0.684,0,-0.684,-0.6535,816,12:00.0,FAB-1,ASML,ARF-1,T11.4P,POR,RET-4,3912,MET_3912_2021-16-10T10:27:41.659Z,OVL-1,P,AA,1,0
-0.055,0,0.055,0.097,813,00:00.0,FAB-1,ASML,ARF-1,T11.4S,POR,RET-3,3913,MET_3913_2021-16-10T10:27:21.302Z,OVL-1,P,AA,2,0
0.039,0,-0.039,0.12225,810,48:00.0,FAB-1,ASML,ARF-1,T11.4S,POR,RET-3,3914,MET_3914_2021-16-10T10:26:59.896Z,OVL-1,P,AA,2,0
0.711,0,-0.711,-0.61865,807,36:00.0,FAB-1,ASML,ARF-1,T11.4P,POR,RET-1,3916,MET_3916_2021-16-10T10:26:39.193Z,OVL-1,P,AA,1,0
1.24,0,-1.24,-1.32075,804,24:00.0,FAB-1,ASML,ARF-1,T11.2P,POR,RET-3,3919,MET_3919_2021-16-10T10:26:18.410Z,OVL-3,P,AA,0,2
0.511,0,-0.511,-0.55115,801,12:00.0,FAB-1,ASML,ARF-1,T11.4P,POR,RET-1,3921,MET_3921_2021-16-10T10:25:57.139Z,OVL-3,P,AA,1,2
1.445,0,-1.445,-1.3834,798,00:00.0,FAB-1,ASML,ARF-1,T11.2P,POR,RET-1,3922,MET_3922_2021-16-10T10:25:36.669Z,OVL-1,P,AA,0,0
0.743,0,-0.743,-0.5715,795,48:00.0,FAB-1,ASML,ARF-1,T11.4P,POR,RET-3,3926,MET_3926_2021-16-10T10:25:14.748Z,OVL-1,P,AA,1,0
0.454,0,-0.454,-0.5098,792,36:00.0,FAB-1,ASML,ARF-1,T11.4P,POR,RET-1,3927,MET_3927_2021-16-10T10:24:44.166Z,OVL-3,P,AA,1,2
1.252,0,-1.252,-1.32675,789,24:00.0,FAB-1,ASML,ARF-1,T11.2P,POR,RET-3,3928,MET_3928_2021-16-10T10:24:23.671Z,OVL-3,P,AA,0,2
1.308,0,-1.308,-1.336,786,12:00.0,FAB-1,ASML,ARF-1,T11.2P,POR,RET-4,3934,MET_3934_2021-16-10T10:24:02.924Z,OVL-3,P,AA,0,2
1.578,0,-1.578,-1.3714,783,00:00.0,FAB-1,ASML,ARF-1,T11.2P,POR,RET-3,3936,MET_3936_2021-16-10T10:23:42.650Z,OVL-1,P,AA,0,0
1.327,0,-1.327,-1.27395,780,48:00.0,FAB-1,ASML,ARF-1,T11.2P,POR,RET-2,3938,MET_3938_2021-16-10T10:23:22.315Z,OVL-2,P,AA,0,1
0.938,0,-0.938,-1.2419,777,36:00.0,FAB-1,ASML,ARF-1,T11.2P,POR,RET-2,3947,MET_3947_2021-16-10T10:23:01.594Z,OVL-2,P,AA,0,1
-0.272,0,0.272,0.1832,774,24:00.0,FAB-1,ASML,ARF-1,T11.4S,POR,RET-3,3949,MET_3949_2021-16-10T10:22:41.237Z,OVL-3,P,AA,2,2
0.507,0,-0.507,-0.5501,771,12:00.0,FAB-1,ASML,ARF-1,T11.4P,POR,RET-1,3951,MET_3951_2021-16-10T10:22:20.869Z,OVL-3,P,AA,1,2
-0.124,0,0.124,0.10835,768,00:00.0,FAB-1,ASML,ARF-1,T11.4S,POR,RET-3,3953,MET_3953_2021-16-10T10:22:00.331Z,OVL-2,P,AA,2,1
-0.29,0,0.29,0.09015,765,48:00.0,FAB-1,ASML,ARF-1,T11.4S,POR,RET-4,3957,MET_3957_2021-16-10T10:21:39.722Z,OVL-3,P,AA,2,2
1.552,0,-1.552,-1.40625,762,36:00.0,FAB-1,ASML,ARF-1,T11.2P,POR,RET-3,3959,MET_3959_2021-16-10T10:21:19.349Z,OVL-1,P,AA,0,0
1.339,0,-1.339,-1.3332,759,24:00.0,FAB-1,ASML,ARF-1,T11.2P,POR,RET-1,3962,MET_3962_2021-16-10T10:20:58.922Z,OVL-3,P,AA,0,2
1.275,0,-1.275,-1.31905,756,12:00.0,FAB-1,ASML,ARF-1,T11.2P,POR,RET-1,3964,MET_3964_2021-16-10T10:20:38.806Z,OVL-3,P,AA,0,2
0.61,0,-0.61,-1.0863,753,00:00.0,FAB-1,ASML,ARF-1,T11.2P,POR,RET-1,3968,MET_3968_2021-16-10T10:20:18.184Z,OVL-2,P,AA,0,1
0.008,0,-0.008,0.0006,750,48:00.0,FAB-1,ASML,ARF-1,T11.4S,POR,RET-1,3970,MET_3970_2021-16-10T10:19:55.856Z,OVL-1,P,AA,2,0
0.394,0,-0.394,-0.55955,747,36:00.0,FAB-1,ASML,ARF-1,T11.4P,POR,RET-4,3971,MET_3971_2021-16-10T10:19:35.584Z,OVL-3,P,AA,1,2
-0.004,0,0.004,0.03995,744,24:00.0,FAB-1,ASML,ARF-1,T11.4S,POR,RET-1,3974,MET_3974_2021-16-10T10:19:15.387Z,OVL-1,P,AA,2,0
0.749,0,-0.749,-0.64335,741,12:00.0,FAB-1,ASML,ARF-1,T11.4P,POR,RET-1,3982,MET_3982_2021-16-10T10:18:47.789Z,OVL-1,P,AA,1,0
1.331,0,-1.331,-1.35395,738,00:00.0,FAB-1,ASML,ARF-1,T11.2P,POR,RET-2,3987,MET_3987_2021-16-10T10:18:20.149Z,OVL-3,P,AA,0,2
0.66,0,-0.66,-0.59305,735,48:00.0,FAB-1,ASML,ARF-1,T11.4P,POR,RET-3,3990,MET_3990_2021-16-10T10:17:59.481Z,OVL-3,P,AA,1,2
1.473,0,-1.473,-1.38505,732,36:00.0,FAB-1,ASML,ARF-1,T11.2P,POR,RET-4,3992,MET_3992_2021-16-10T10:17:39.100Z,OVL-1,P,AA,0,0
0.507,0,-0.507,-0.55725,729,24:00.0,FAB-1,ASML,ARF-1,T11.4P,POR,RET-1,4002,MET_4002_2021-16-10T10:17:19.032Z,OVL-3,P,AA,1,2
0.527,0,-0.527,-0.59065,726,12:00.0,FAB-1,ASML,ARF-1,T11.4P,POR,RET-2,4003,MET_4003_2021-16-10T10:16:53.797Z,OVL-3,P,AA,1,2
0.715,0,-0.715,-0.61715,723,00:00.0,FAB-1,ASML,ARF-1,T11.4P,POR,RET-1,4006,MET_4006_2021-16-10T10:16:18.294Z,OVL-1,P,AA,1,0
0.453,0,-0.453,-0.5604,720,48:00.0,FAB-1,ASML,ARF-1,T11.4P,POR,RET-3,4008,MET_4008_2021-16-10T10:15:41.449Z,OVL-2,P,AA,1,1
1.173,0,-1.173,-1.33545,717,36:00.0,FAB-1,ASML,ARF-1,T11.2P,POR,RET-2,4009,MET_4009_2021-16-10T10:15:07.203Z,OVL-3,P,AA,0,2
0.742,0,-0.742,-0.62765,714,24:00.0,FAB-1,ASML,ARF-1,T11.4P,POR,RET-3,4012,MET_4012_2021-16-10T10:14:42.632Z,OVL-1,P,AA,1,0
0.511,0,-0.511,-0.59625,711,12:00.0,FAB-1,ASML,ARF-1,T11.4P,POR,RET-1,4013,MET_4013_2021-16-10T10:14:21.717Z,OVL-3,P,AA,1,2
0.572,0,-0.572,-0.6218,708,00:00.0,FAB-1,ASML,ARF-1,T11.4P,POR,RET-1,4014,MET_4014_2021-16-10T10:14:00.509Z,OVL-3,P,AA,1,2
1.39,0,-1.39,-1.41815,705,48:00.0,FAB-1,ASML,ARF-1,T11.2P,POR,RET-2,4019,MET_4019_2021-16-10T10:13:35.036Z,OVL-3,P,AA,0,2
1.535,0,-1.535,-1.4218,702,36:00.0,FAB-1,ASML,ARF-1,T11.2P,POR,RET-4,4020,MET_4020_2021-16-10T10:13:14.562Z,OVL-1,P,AA,0,0
0.567,0,-0.567,-0.60145,699,24:00.0,FAB-1,ASML,ARF-1,T11.4P,POR,RET-2,4021,MET_4021_2021-16-10T10:12:52.840Z,OVL-3,P,AA,1,2
1.36,0,-1.36,-1.3174,696,12:00.0,FAB-1,ASML,ARF-1,T11.2P,POR,RET-3,4022,MET_4022_2021-16-10T10:12:31.445Z,OVL-3,P,AA,0,2
0.815,0,-0.815,-0.64325,693,00:00.0,FAB-1,ASML,ARF-1,T11.4P,POR,RET-4,4023,MET_4023_2021-16-10T10:12:09.561Z,OVL-1,P,AA,1,0
0.775,0,-0.775,-0.577,690,48:00.0,FAB-1,ASML,ARF-1,T11.4P,POR,RET-4,4024,MET_4024_2021-16-10T10:11:47.000Z,OVL-1,P,AA,1,0
1.328,0,-1.328,-1.2892,687,36:00.0,FAB-1,ASML,ARF-1,T11.2P,POR,RET-1,4027,MET_4027_2021-16-10T10:11:26.897Z,OVL-2,P,AA,0,1
0.012,0,-0.012,-0.4789,684,24:00.0,FAB-1,ASML,ARF-1,T11.4P,POR,RET-2,4028,MET_4028_2021-16-10T10:11:06.830Z,OVL-2,P,AA,1,1
0.849,0,-0.849,-0.7279,681,12:00.0,FAB-1,ASML,ARF-1,T11.4P,POR,RET-4,4029,MET_4029_2021-16-10T10:10:47.056Z,OVL-1,P,AA,1,0
2.488,0,-2.488,-1.6952,678,00:00.0,FAB-1,ASML,ARF-1,T11.2P,POR,RET-2,4034,MET_4034_2021-16-10T10:10:27.448Z,OVL-2,P,AA,0,1
0.69,0,-0.69,-0.624,675,48:00.0,FAB-1,ASML,ARF-1,T11.4P,POR,RET-3,4035,MET_4035_2021-16-10T10:10:07.570Z,OVL-3,P,AA,1,2
0.589,0,-0.589,-0.52285,672,36:00.0,FAB-1,ASML,ARF-1,T11.4P,POR,RET-3,4037,MET_4037_2021-16-10T10:09:47.591Z,OVL-3,P,AA,1,2
1.534,0,-1.534,-1.3007,669,24:00.0,FAB-1,ASML,ARF-1,T11.2P,POR,RET-2,4038,MET_4038_2021-16-10T10:09:27.930Z,OVL-1,P,AA,0,0
0.722,0,-0.722,-0.49515,666,12:00.0,FAB-1,ASML,ARF-1,T11.4P,POR,RET-4,4040,MET_4040_2021-16-10T10:09:08.132Z,OVL-1,P,AA,1,0
0.977,0,-0.977,-1.1835,663,00:00.0,FAB-1,ASML,ARF-1,T11.2P,POR,RET-1,4048,MET_4048_2021-16-10T10:08:48.679Z,OVL-2,P,AA,0,1
0.643,0,-0.643,-0.42615,660,48:00.0,FAB-1,ASML,ARF-1,T11.4P,POR,RET-1,4049,MET_4049_2021-16-10T10:08:29.049Z,OVL-3,P,AA,1,2
1.121,0,-1.121,-1.27395,657,36:00.0,FAB-1,ASML,ARF-1,T11.2P,POR,RET-3,4052,MET_4052_2021-16-10T10:08:09.505Z,OVL-2,P,AA,0,1
-0.112,0,0.112,-0.294,654,24:00.0,FAB-1,ASML,ARF-1,T11.4P,POR,RET-3,4053,MET_4053_2021-16-10T10:07:49.706Z,OVL-2,P,AA,1,1
1.547,0,-1.547,-1.3426,651,12:00.0,FAB-1,ASML,ARF-1,T11.2P,POR,RET-1,4054,MET_4054_2021-16-10T10:07:30.153Z,OVL-1,P,AA,0,0
0.488,0,-0.488,-0.42435,648,00:00.0,FAB-1,ASML,ARF-1,T11.4P,POR,RET-1,4057,MET_4057_2021-16-10T10:07:10.456Z,OVL-3,P,AA,1,2
1.266,0,-1.266,-1.2499,645,48:00.0,FAB-1,ASML,ARF-1,T11.2P,POR,RET-1,4059,MET_4059_2021-16-10T10:06:50.639Z,OVL-3,P,AA,0,2
1.24,0,-1.24,-1.2788,642,36:00.0,FAB-1,ASML,ARF-1,T11.2P,POR,RET-4,4062,MET_4062_2021-16-10T10:06:31.083Z,OVL-3,P,AA,0,2
1.113,0,-1.113,-1.35385,639,24:00.0,FAB-1,ASML,ARF-1,T11.2P,POR,RET-1,4063,MET_4063_2021-16-10T10:06:11.399Z,OVL-2,P,AA,0,1
0.618,0,-0.618,-0.42615,636,12:00.0,FAB-1,ASML,ARF-1,T11.4P,POR,RET-3,4065,MET_4065_2021-16-10T10:05:51.767Z,OVL-3,P,AA,1,2
0.776,0,-0.776,-0.39895,633,00:00.0,FAB-1,ASML,ARF-1,T11.4P,POR,RET-2,4067,MET_4067_2021-16-10T10:05:32.119Z,OVL-3,P,AA,1,2
1.394,0,-1.394,-1.49525,630,48:00.0,FAB-1,ASML,ARF-1,T11.2P,POR,RET-2,4068,MET_4068_2021-16-10T10:05:12.572Z,OVL-3,P,AA,0,2
1.302,0,-1.302,-1.5424,627,36:00.0,FAB-1,ASML,ARF-1,T11.2P,POR,RET-2,4069,MET_4069_2021-16-10T10:04:53.138Z,OVL-3,P,AA,0,2
-0.576,0,0.576,-0.239,624,24:00.0,FAB-1,ASML,ARF-1,T11.4P,POR,RET-4,4073,MET_4073_2021-16-10T10:04:33.751Z,OVL-2,P,AA,1,1
0.605,0,-0.605,-0.6885,621,12:00.0,FAB-1,ASML,ARF-1,T11.4P,POR,RET-2,4074,MET_4074_2021-16-10T10:04:14.378Z,OVL-3,P,AA,1,2
0.806,0,-0.806,-0.69615,618,00:00.0,FAB-1,ASML,ARF-1,T11.4P,POR,RET-1,4076,MET_4076_2021-16-10T10:03:54.758Z,OVL-1,P,AA,1,0
1.849,0,-1.849,-1.6548,615,48:00.0,FAB-1,ASML,ARF-1,T11.2P,POR,RET-1,4078,MET_4078_2021-16-10T10:03:35.670Z,OVL-2,P,AA,0,1
0.589,0,-0.589,-0.55885,612,36:00.0,FAB-1,ASML,ARF-1,T11.4P,POR,RET-1,4082,MET_4082_2021-16-10T10:03:15.370Z,OVL-3,P,AA,1,2
0.796,0,-0.796,-0.5072,609,24:00.0,FAB-1,ASML,ARF-1,T11.4P,POR,RET-2,4084,MET_4084_2021-16-10T10:02:52.810Z,OVL-1,P,AA,1,0
0.131,0,-0.131,0.0951,606,12:00.0,FAB-1,ASML,ARF-1,T11.4S,POR,RET-4,4087,MET_4087_2021-16-10T10:02:31.535Z,OVL-1,P,AA,2,0
0.761,0,-0.761,-0.3335,603,00:00.0,FAB-1,ASML,ARF-1,T11.4P,POR,RET-1,4089,MET_4089_2021-16-10T10:01:59.030Z,OVL-1,P,AA,1,0
-0.19,0,0.19,0.38525,600,48:00.0,FAB-1,ASML,ARF-1,T11.4S,POR,RET-3,4092,MET_4092_2021-16-10T10:01:33.031Z,OVL-3,P,AA,2,2
-0.131,0,0.131,-0.1295,597,36:00.0,FAB-1,ASML,ARF-1,T11.4P,POR,RET-3,4098,MET_4098_2021-16-10T10:00:54.011Z,OVL-2,P,AA,1,1
1.561,0,-1.561,-1.5438,594,24:00.0,FAB-1,ASML,ARF-1,T11.2P,POR,RET-2,4099,MET_4099_2021-16-10T10:00:03.877Z,OVL-1,P,AA,0,0
0.423,0,-0.423,-0.2924,591,12:00.0,FAB-1,ASML,ARF-1,T11.4P,POR,RET-4,4102,MET_4102_2021-16-10T09:59:42.841Z,OVL-2,P,AA,1,1
-0.002,0,0.002,0.40245,588,00:00.0,FAB-1,ASML,ARF-1,T11.4S,POR,RET-2,4104,MET_4104_2021-16-10T09:59:23.511Z,OVL-1,P,AA,2,0
-1.126,0,1.126,0.55815,585,48:00.0,FAB-1,ASML,ARF-1,T11.4S,POR,RET-1,4109,MET_4109_2021-16-10T09:59:04.124Z,OVL-2,P,AA,2,1
1.558,0,-1.558,-1.54775,582,36:00.0,FAB-1,ASML,ARF-1,T11.2P,POR,RET-4,4111,MET_4111_2021-16-10T09:58:44.835Z,OVL-1,P,AA,0,0
-0.66,0,0.66,0.2475,579,24:00.0,FAB-1,ASML,ARF-1,T11.4S,POR,RET-2,4112,MET_4112_2021-16-10T09:58:25.675Z,OVL-2,P,AA,2,1
0.022,0,-0.022,-0.2198,576,12:00.0,FAB-1,ASML,ARF-1,T11.4P,POR,RET-3,4116,MET_4116_2021-16-10T09:58:05.987Z,OVL-2,P,AA,1,1
0.24,0,-0.24,-0.31085,573,00:00.0,FAB-1,ASML,ARF-1,T11.4P,POR,RET-2,4117,MET_4117_2021-16-10T09:57:46.699Z,OVL-2,P,AA,1,1
0.584,0,-0.584,-0.3388,570,48:00.0,FAB-1,ASML,ARF-1,T11.4P,POR,RET-2,4124,MET_4124_2021-16-10T09:57:27.481Z,OVL-3,P,AA,1,2
1.571,0,-1.571,-1.5455,567,36:00.0,FAB-1,ASML,ARF-1,T11.2P,POR,RET-4,4128,MET_4128_2021-16-10T09:57:08.183Z,OVL-1,P,AA,0,0
1.403,0,-1.403,-1.5266,564,24:00.0,FAB-1,ASML,ARF-1,T11.2P,POR,RET-1,4134,MET_4134_2021-16-10T09:56:49.034Z,OVL-3,P,AA,0,2
0.065,0,-0.065,-0.28675,561,12:00.0,FAB-1,ASML,ARF-1,T11.4P,POR,RET-2,4137,MET_4137_2021-16-10T09:56:29.954Z,OVL-2,P,AA,1,1
1.666,0,-1.666,-1.59835,558,00:00.0,FAB-1,ASML,ARF-1,T11.2P,POR,RET-3,4138,MET_4138_2021-16-10T09:56:10.766Z,OVL-1,P,AA,0,0
0.511,0,-0.511,-0.444,555,48:00.0,FAB-1,ASML,ARF-1,T11.4P,POR,RET-3,4145,MET_4145_2021-16-10T09:55:51.674Z,OVL-2,P,AA,1,1
-0.958,0,0.958,-0.0878,552,36:00.0,FAB-1,ASML,ARF-1,T11.4P,POR,RET-4,4146,MET_4146_2021-16-10T09:55:32.606Z,OVL-2,P,AA,1,1
-0.176,0,0.176,-0.404,549,24:00.0,FAB-1,ASML,ARF-1,T11.4P,POR,RET-2,4147,MET_4147_2021-16-10T09:55:13.344Z,OVL-2,P,AA,1,1
1.584,0,-1.584,-1.57095,546,12:00.0,FAB-1,ASML,ARF-1,T11.2P,POR,RET-2,4148,MET_4148_2021-16-10T09:54:54.443Z,OVL-1,P,AA,0,0
0.847,0,-0.847,-0.69995,543,00:00.0,FAB-1,ASML,ARF-1,T11.4P,POR,RET-1,4152,MET_4152_2021-16-10T09:54:35.648Z,OVL-1,P,AA,1,0
1.482,0,-1.482,-1.53965,540,48:00.0,FAB-1,ASML,ARF-1,T11.2P,POR,RET-3,4158,MET_4158_2021-16-10T09:54:17.033Z,OVL-3,P,AA,0,2
1.599,0,-1.599,-1.49805,537,36:00.0,FAB-1,ASML,ARF-1,T11.2P,POR,RET-1,4177,MET_4177_2021-16-10T09:53:57.955Z,OVL-1,P,AA,0,0
1.66,0,-1.66,-1.39705,534,24:00.0,FAB-1,ASML,ARF-1,T11.2P,POR,RET-1,4178,MET_4178_2021-16-10T09:53:39.096Z,OVL-1,P,AA,0,0
0.888,0,-0.888,-0.62675,531,12:00.0,FAB-1,ASML,ARF-1,T11.4P,POR,RET-3,4179,MET_4179_2021-16-10T09:53:20.425Z,OVL-1,P,AA,1,0
1.545,0,-1.545,-1.29665,528,00:00.0,FAB-1,ASML,ARF-1,T11.2P,POR,RET-2,4180,MET_4180_2021-16-10T09:53:01.473Z,OVL-1,P,AA,0,0
1.149,0,-1.149,-1.21615,525,48:00.0,FAB-1,ASML,ARF-1,T11.2P,POR,RET-2,4182,MET_4182_2021-16-10T09:52:42.776Z,OVL-2,P,AA,0,1
0.841,0,-0.841,-1.24485,522,36:00.0,FAB-1,ASML,ARF-1,T11.2P,POR,RET-2,4183,MET_4183_2021-16-10T09:52:23.895Z,OVL-2,P,AA,0,1
0.131,0,-0.131,-0.3618,519,24:00.0,FAB-1,ASML,ARF-1,T11.4P,POR,RET-3,4184,MET_4184_2021-16-10T09:52:04.697Z,OVL-2,P,AA,1,1
0.119,0,-0.119,0.02135,516,12:00.0,FAB-1,ASML,ARF-1,T11.4S,POR,RET-3,4185,MET_4185_2021-16-10T09:51:46.184Z,OVL-1,P,AA,2,0
0.282,0,-0.282,-0.52225,513,00:00.0,FAB-1,ASML,ARF-1,T11.4P,POR,RET-1,4190,MET_4190_2021-16-10T09:51:27.612Z,OVL-2,P,AA,1,1
0.679,0,-0.679,-0.68275,510,48:00.0,FAB-1,ASML,ARF-1,T11.4P,POR,RET-3,4191,MET_4191_2021-16-10T09:51:08.882Z,OVL-3,P,AA,1,2
0.465,0,-0.465,-0.7033,507,36:00.0,FAB-1,ASML,ARF-1,T11.4P,POR,RET-1,4193,MET_4193_2021-16-10T09:50:50.078Z,OVL-2,P,AA,1,1
0.798,0,-0.798,-0.82435,504,24:00.0,FAB-1,ASML,ARF-1,T11.4P,POR,RET-3,4194,MET_4194_2021-16-10T09:50:31.322Z,OVL-1,P,AA,1,0
1.477,0,-1.477,-1.43485,501,12:00.0,FAB-1,ASML,ARF-1,T11.2P,POR,RET-4,4205,MET_4205_2021-16-10T09:50:12.327Z,OVL-2,P,AA,0,1
-0.122,0,0.122,0.06025,498,00:00.0,FAB-1,ASML,ARF-1,T11.4S,POR,RET-2,4206,MET_4206_2021-16-10T09:49:54.131Z,OVL-3,P,AA,2,2
0.822,0,-0.822,-0.8271,495,48:00.0,FAB-1,ASML,ARF-1,T11.4P,POR,RET-1,4209,MET_4209_2021-16-10T09:49:35.786Z,OVL-1,P,AA,1,0
0.122,0,-0.122,-0.5821,492,36:00.0,FAB-1,ASML,ARF-1,T11.4P,POR,RET-3,4211,MET_4211_2021-16-10T09:49:15.530Z,OVL-2,P,AA,1,1
0.919,0,-0.919,-0.8202,489,24:00.0,FAB-1,ASML,ARF-1,T11.4P,POR,RET-2,4212,MET_4212_2021-16-10T09:48:48.170Z,OVL-1,P,AA,1,0
1.578,0,-1.578,-1.44705,486,12:00.0,FAB-1,ASML,ARF-1,T11.2P,POR,RET-2,4213,MET_4213_2021-16-10T09:48:20.083Z,OVL-1,P,AA,0,0
1.433,0,-1.433,-1.3981,483,00:00.0,FAB-1,ASML,ARF-1,T11.2P,POR,RET-2,4214,MET_4214_2021-16-10T09:47:54.808Z,OVL-3,P,AA,0,2
0.776,0,-0.776,-0.76085,480,48:00.0,FAB-1,ASML,ARF-1,T11.4P,POR,RET-1,4215,MET_4215_2021-16-10T09:47:36.712Z,OVL-1,P,AA,1,0
1.014,0,-1.014,-1.3649,477,36:00.0,FAB-1,ASML,ARF-1,T11.2P,POR,RET-1,4216,MET_4216_2021-16-10T09:47:14.533Z,OVL-2,P,AA,0,1
0.787,0,-0.787,-0.74555,474,24:00.0,FAB-1,ASML,ARF-1,T11.4P,POR,RET-2,4218,MET_4218_2021-16-10T09:46:46.437Z,OVL-1,P,AA,1,0
1.694,0,-1.694,-1.53865,471,12:00.0,FAB-1,ASML,ARF-1,T11.2P,POR,RET-1,4221,MET_4221_2021-16-10T09:46:18.377Z,OVL-1,P,AA,0,0
1.592,0,-1.592,-1.45345,468,00:00.0,FAB-1,ASML,ARF-1,T11.2P,POR,RET-1,4225,MET_4225_2021-16-10T09:45:36.645Z,OVL-1,P,AA,0,0
0.728,0,-0.728,-0.7323,465,48:00.0,FAB-1,ASML,ARF-1,T11.4P,POR,RET-3,4226,MET_4226_2021-16-10T09:44:39.580Z,OVL-3,P,AA,1,2
1.309,0,-1.309,-1.37695,462,36:00.0,FAB-1,ASML,ARF-1,T11.2P,POR,RET-3,4227,MET_4227_2021-16-10T09:43:54.742Z,OVL-2,P,AA,0,1
1.435,0,-1.435,-1.4164,459,24:00.0,FAB-1,ASML,ARF-1,T11.2P,POR,RET-2,4228,MET_4228_2021-16-10T09:43:35.853Z,OVL-3,P,AA,0,2
1.414,0,-1.414,-1.42665,456,12:00.0,FAB-1,ASML,ARF-1,T11.2P,POR,RET-2,4229,MET_4229_2021-16-10T09:43:18.046Z,OVL-2,P,AA,0,1
0.759,0,-0.759,-0.75675,453,00:00.0,FAB-1,ASML,ARF-1,T11.4P,POR,RET-1,4230,MET_4230_2021-16-10T09:42:59.873Z,OVL-2,P,AA,1,1
0.661,0,-0.661,-0.7586,450,48:00.0,FAB-1,ASML,ARF-1,T11.4P,POR,RET-2,4236,MET_4236_2021-16-10T09:42:41.855Z,OVL-3,P,AA,1,2
0.743,0,-0.743,-0.7833,447,36:00.0,FAB-1,ASML,ARF-1,T11.4P,POR,RET-4,4239,MET_4239_2021-16-10T09:42:24.023Z,OVL-1,P,AA,1,0
1.398,0,-1.398,-1.4521,444,24:00.0,FAB-1,ASML,ARF-1,T11.2P,POR,RET-2,4242,MET_4242_2021-16-10T09:42:06.039Z,OVL-2,P,AA,0,1
0.882,0,-0.882,-0.7686,441,12:00.0,FAB-1,ASML,ARF-1,T11.4P,POR,RET-1,4244,MET_4244_2021-16-10T09:41:47.998Z,OVL-1,P,AA,1,0
0.899,0,-0.899,-0.69245,438,00:00.0,FAB-1,ASML,ARF-1,T11.4P,POR,RET-4,4247,MET_4247_2021-16-10T09:41:29.867Z,OVL-1,P,AA,1,0
-0.091,0,0.091,0.05835,435,48:00.0,FAB-1,ASML,ARF-1,T11.4S,POR,RET-3,4248,MET_4248_2021-16-10T09:41:12.141Z,OVL-3,P,AA,2,2
-0.164,0,0.164,0.12605,432,36:00.0,FAB-1,ASML,ARF-1,T11.4S,POR,RET-3,4250,MET_4250_2021-16-10T09:40:54.557Z,OVL-3,P,AA,2,2
1.351,0,-1.351,-1.4991,429,24:00.0,FAB-1,ASML,ARF-1,T11.2P,POR,RET-4,4251,MET_4251_2021-16-10T09:40:37.041Z,OVL-3,P,AA,0,2
0.206,0,-0.206,0.0994,426,12:00.0,FAB-1,ASML,ARF-1,T11.4S,POR,RET-4,4252,MET_4252_2021-16-10T09:40:19.214Z,OVL-2,P,AA,2,1
1.568,0,-1.568,-1.58125,423,00:00.0,FAB-1,ASML,ARF-1,T11.2P,POR,RET-4,4255,MET_4255_2021-16-10T09:39:56.366Z,OVL-1,P,AA,0,0
0.605,0,-0.605,-0.62755,420,48:00.0,FAB-1,ASML,ARF-1,T11.4P,POR,RET-2,4258,MET_4258_2021-16-10T09:39:38.476Z,OVL-3,P,AA,1,2
0.644,0,-0.644,-0.69025,417,36:00.0,FAB-1,ASML,ARF-1,T11.4P,POR,RET-1,4262,MET_4262_2021-16-10T09:39:20.852Z,OVL-3,P,AA,1,2
1.537,0,-1.537,-1.57785,414,24:00.0,FAB-1,ASML,ARF-1,T11.2P,POR,RET-3,4267,MET_4267_2021-16-10T09:39:03.173Z,OVL-1,P,AA,0,0
1.618,0,-1.618,-1.5916,411,12:00.0,FAB-1,ASML,ARF-1,T11.2P,POR,RET-3,4268,MET_4268_2021-16-10T09:38:45.634Z,OVL-1,P,AA,0,0
0.351,0,-0.351,-0.72845,408,00:00.0,FAB-1,ASML,ARF-1,T11.4P,POR,RET-1,4269,MET_4269_2021-16-10T09:38:28.296Z,OVL-2,P,AA,1,1
1.683,0,-1.683,-1.5651,405,48:00.0,FAB-1,ASML,ARF-1,T11.2P,POR,RET-1,4272,MET_4272_2021-16-10T09:38:10.715Z,OVL-1,P,AA,0,0
0.512,0,-0.512,-1.15525,402,36:00.0,FAB-1,ASML,ARF-1,T11.2P,POR,RET-2,4278,MET_4278_2021-16-10T09:37:53.230Z,OVL-2,P,AA,0,1
1.443,0,-1.443,-1.5005,399,24:00.0,FAB-1,ASML,ARF-1,T11.2P,POR,RET-3,4283,MET_4283_2021-16-10T09:37:35.761Z,OVL-3,P,AA,0,2
0.902,0,-0.902,-0.89745,396,12:00.0,FAB-1,ASML,ARF-1,T11.4P,POR,RET-2,4287,MET_4287_2021-16-10T09:37:14.102Z,OVL-2,P,AA,1,1
1.647,0,-1.647,-1.5256,393,00:00.0,FAB-1,ASML,ARF-1,T11.2P,POR,RET-4,4288,MET_4288_2021-16-10T09:36:53.852Z,OVL-1,P,AA,0,0
0.986,0,-0.986,-0.86535,390,48:00.0,FAB-1,ASML,ARF-1,T11.4P,POR,RET-1,4290,MET_4290_2021-16-10T09:36:33.002Z,OVL-1,P,AA,1,0
1.378,0,-1.378,-1.47265,387,36:00.0,FAB-1,ASML,ARF-1,T11.2P,POR,RET-3,4291,MET_4291_2021-16-10T09:36:10.159Z,OVL-2,P,AA,0,1
1.584,0,-1.584,-1.54405,384,24:00.0,FAB-1,ASML,ARF-1,T11.2P,POR,RET-4,4293,MET_4293_2021-16-10T09:35:50.715Z,OVL-3,P,AA,0,2
1.41,0,-1.41,-1.53715,381,12:00.0,FAB-1,ASML,ARF-1,T11.2P,POR,RET-4,4295,MET_4295_2021-16-10T09:35:30.640Z,OVL-3,P,AA,0,2
1.527,0,-1.527,-1.613,378,00:00.0,FAB-1,ASML,ARF-1,T11.2P,POR,RET-3,4296,MET_4296_2021-16-10T09:35:09.080Z,OVL-2,P,AA,0,1
0.976,0,-0.976,-0.79525,375,48:00.0,FAB-1,ASML,ARF-1,T11.4P,POR,RET-4,4297,MET_4297_2021-16-10T09:34:41.245Z,OVL-1,P,AA,1,0
0.142,0,-0.142,0.2136,372,36:00.0,FAB-1,ASML,ARF-1,T11.4S,POR,RET-3,4300,MET_4300_2021-16-10T09:34:08.683Z,OVL-1,P,AA,2,0
0.73,0,-0.73,-0.69555,369,24:00.0,FAB-1,ASML,ARF-1,T11.4P,POR,RET-1,4303,MET_4303_2021-16-10T09:33:45.661Z,OVL-2,P,AA,1,1
0.611,0,-0.611,-0.68265,366,12:00.0,FAB-1,ASML,ARF-1,T11.4P,POR,RET-4,4305,MET_4305_2021-16-10T09:33:22.137Z,OVL-2,P,AA,1,1
1.666,0,-1.666,-1.6806,363,00:00.0,FAB-1,ASML,ARF-1,T11.2P,POR,RET-2,4306,MET_4306_2021-16-10T09:32:48.428Z,OVL-1,P,AA,0,0
0.772,0,-0.772,-0.7315,360,48:00.0,FAB-1,ASML,ARF-1,T11.4P,POR,RET-3,4309,MET_4309_2021-16-10T09:32:20.664Z,OVL-3,P,AA,1,2
0.663,0,-0.663,-0.71215,357,36:00.0,FAB-1,ASML,ARF-1,T11.4P,POR,RET-2,4310,MET_4310_2021-16-10T09:31:38.753Z,OVL-3,P,AA,1,2
0.669,0,-0.669,-0.75365,354,24:00.0,FAB-1,ASML,ARF-1,T11.4P,POR,RET-2,4311,MET_4311_2021-16-10T09:31:05.665Z,OVL-3,P,AA,1,2
1.637,0,-1.637,-1.7002,351,12:00.0,FAB-1,ASML,ARF-1,T11.2P,POR,RET-2,4312,MET_4312_2021-16-10T09:30:38.155Z,OVL-1,P,AA,0,0
0.857,0,-0.857,-0.81795,348,00:00.0,FAB-1,ASML,ARF-1,T11.4P,POR,RET-4,4316,MET_4316_2021-16-10T09:30:15.832Z,OVL-2,P,AA,1,1
1.663,0,-1.663,-1.6927,345,48:00.0,FAB-1,ASML,ARF-1,T11.2P,POR,RET-4,4317,MET_4317_2021-16-10T09:29:55.603Z,OVL-1,P,AA,0,0
1.704,0,-1.704,-1.6659,342,36:00.0,FAB-1,ASML,ARF-1,T11.2P,POR,RET-2,4318,MET_4318_2021-16-10T09:29:38.545Z,OVL-1,P,AA,0,0
0.664,0,-0.664,-0.80715,339,24:00.0,FAB-1,ASML,ARF-1,T11.4P,POR,RET-1,4319,MET_4319_2021-16-10T09:29:20.962Z,OVL-2,P,AA,1,1
0.837,0,-0.837,-0.873,336,12:00.0,FAB-1,ASML,ARF-1,T11.4P,POR,RET-3,4320,MET_4320_2021-16-10T09:29:03.454Z,OVL-3,P,AA,1,2
0.938,0,-0.938,-0.87155,333,00:00.0,FAB-1,ASML,ARF-1,T11.4P,POR,RET-1,4321,MET_4321_2021-16-10T09:28:46.313Z,OVL-1,P,AA,1,0
0.878,0,-0.878,-0.8413,330,48:00.0,FAB-1,ASML,ARF-1,T11.4P,POR,RET-2,4322,MET_4322_2021-16-10T09:28:29.093Z,OVL-1,P,AA,1,0
-0.96,0,0.96,0.3668,327,36:00.0,FAB-1,ASML,ARF-1,T11.4S,POR,RET-2,4329,MET_4329_2021-16-10T09:28:11.588Z,OVL-2,P,AA,2,1
2.001,0,-2.001,-1.63305,324,24:00.0,FAB-1,ASML,ARF-1,T11.2P,POR,RET-1,4331,MET_4331_2021-16-10T09:27:54.312Z,OVL-2,P,AA,0,1
0.924,0,-0.924,-0.82145,321,12:00.0,FAB-1,ASML,ARF-1,T11.4P,POR,RET-1,4335,MET_4335_2021-16-10T09:27:36.966Z,OVL-1,P,AA,1,0
0.627,0,-0.627,-0.76,318,00:00.0,FAB-1,ASML,ARF-1,T11.4P,POR,RET-1,4336,MET_4336_2021-16-10T09:27:19.836Z,OVL-3,P,AA,1,2
1.411,0,-1.411,-1.4622,315,48:00.0,FAB-1,ASML,ARF-1,T11.2P,POR,RET-1,4338,MET_4338_2021-16-10T09:27:02.519Z,OVL-3,P,AA,0,2
0.898,0,-0.898,-0.8371,312,36:00.0,FAB-1,ASML,ARF-1,T11.4P,POR,RET-2,4339,MET_4339_2021-16-10T09:26:45.391Z,OVL-1,P,AA,1,0
0.858,0,-0.858,-0.76975,309,24:00.0,FAB-1,ASML,ARF-1,T11.4P,POR,RET-1,4340,MET_4340_2021-16-10T09:26:27.908Z,OVL-1,P,AA,1,0
0.646,0,-0.646,-1.19445,306,12:00.0,FAB-1,ASML,ARF-1,T11.2P,POR,RET-1,4342,MET_4342_2021-16-10T09:26:10.101Z,OVL-2,P,AA,0,1
0.66,0,-0.66,-0.6383,303,00:00.0,FAB-1,ASML,ARF-1,T11.4P,POR,RET-4,4346,MET_4346_2021-16-10T09:25:53.142Z,OVL-3,P,AA,1,2
1.456,0,-1.456,-1.51555,300,48:00.0,FAB-1,ASML,ARF-1,T11.2P,POR,RET-2,4349,MET_4349_2021-16-10T09:25:36.018Z,OVL-3,P,AA,0,2
1.373,0,-1.373,-1.56665,297,36:00.0,FAB-1,ASML,ARF-1,T11.2P,POR,RET-2,4350,MET_4350_2021-16-10T09:25:19.066Z,OVL-3,P,AA,0,2
1.656,0,-1.656,-1.67145,294,24:00.0,FAB-1,ASML,ARF-1,T11.2P,POR,RET-1,4352,MET_4352_2021-16-10T09:25:02.027Z,OVL-1,P,AA,0,0
1.627,0,-1.627,-1.67565,291,12:00.0,FAB-1,ASML,ARF-1,T11.2P,POR,RET-3,4353,MET_4353_2021-16-10T09:24:45.160Z,OVL-1,P,AA,0,0
1.749,0,-1.749,-1.70025,288,00:00.0,FAB-1,ASML,ARF-1,T11.2P,POR,RET-3,4355,MET_4355_2021-16-10T09:24:28.395Z,OVL-1,P,AA,0,0
1.687,0,-1.687,-1.672,285,48:00.0,FAB-1,ASML,ARF-1,T11.2P,POR,RET-4,4361,MET_4361_2021-16-10T09:24:11.745Z,OVL-1,P,AA,0,0
1.645,0,-1.645,-1.65105,282,36:00.0,FAB-1,ASML,ARF-1,T11.2P,POR,RET-2,4362,MET_4362_2021-16-10T09:23:54.986Z,OVL-1,P,AA,0,0
0.909,0,-0.909,-0.6152,279,24:00.0,FAB-1,ASML,ARF-1,T11.4P,POR,RET-2,4363,MET_4363_2021-16-10T09:23:38.387Z,OVL-1,P,AA,1,0
1.696,0,-1.696,-1.60775,276,12:00.0,FAB-1,ASML,ARF-1,T11.2P,POR,RET-4,4365,MET_4365_2021-16-10T09:23:21.670Z,OVL-1,P,AA,0,0
-0.091,0,0.091,0.08435,273,00:00.0,FAB-1,ASML,ARF-1,T11.4S,POR,RET-3,4369,MET_4369_2021-16-10T09:23:04.890Z,OVL-3,P,AA,2,2
-0.027,0,0.027,0.1355,270,48:00.0,FAB-1,ASML,ARF-1,T11.4S,POR,RET-2,4371,MET_4371_2021-16-10T09:22:48.365Z,OVL-3,P,AA,2,2
0.799,0,-0.799,-0.53815,267,36:00.0,FAB-1,ASML,ARF-1,T11.4P,POR,RET-2,4381,MET_4381_2021-16-10T09:22:31.748Z,OVL-1,P,AA,1,0
1.659,0,-1.659,-1.5141,264,24:00.0,FAB-1,ASML,ARF-1,T11.2P,POR,RET-1,4382,MET_4382_2021-16-10T09:22:15.167Z,OVL-1,P,AA,0,0
1.645,0,-1.645,-1.456,261,12:00.0,FAB-1,ASML,ARF-1,T11.2P,POR,RET-1,4389,MET_4389_2021-16-10T09:21:58.279Z,OVL-1,P,AA,0,0
-0.021,0,0.021,0.14815,258,00:00.0,FAB-1,ASML,ARF-1,T11.4S,POR,RET-4,4392,MET_4392_2021-16-10T09:21:41.486Z,OVL-3,P,AA,2,2
0.056,0,-0.056,-0.4536,255,48:00.0,FAB-1,ASML,ARF-1,T11.4P,POR,RET-3,4395,MET_4395_2021-16-10T09:21:24.593Z,OVL-2,P,AA,1,1
1.455,0,-1.455,-1.40625,252,36:00.0,FAB-1,ASML,ARF-1,T11.2P,POR,RET-1,4397,MET_4397_2021-16-10T09:21:07.730Z,OVL-3,P,AA,0,2
0.01,0,-0.01,0.1626,249,24:00.0,FAB-1,ASML,ARF-1,T11.4S,POR,RET-1,4402,MET_4402_2021-16-10T09:20:51.249Z,OVL-3,P,AA,2,2
1.043,0,-1.043,-1.4141,246,12:00.0,FAB-1,ASML,ARF-1,T11.2P,POR,RET-1,4404,MET_4404_2021-16-10T09:20:34.852Z,OVL-2,P,AA,0,1
0.237,0,-0.237,-0.66405,243,00:00.0,FAB-1,ASML,ARF-1,T11.4P,POR,RET-4,4405,MET_4405_2021-16-10T09:20:18.276Z,OVL-2,P,AA,1,1
1.011,0,-1.011,-0.8356,240,48:00.0,FAB-1,ASML,ARF-1,T11.4P,POR,RET-2,4406,MET_4406_2021-16-10T09:19:59.599Z,OVL-1,P,AA,1,0
1.495,0,-1.495,-1.6145,237,36:00.0,FAB-1,ASML,ARF-1,T11.2P,POR,RET-3,4407,MET_4407_2021-16-10T09:19:38.812Z,OVL-3,P,AA,0,2
-0.861,0,0.861,0.2764,234,24:00.0,FAB-1,ASML,ARF-1,T11.4S,POR,RET-1,4408,MET_4408_2021-16-10T09:19:22.308Z,OVL-2,P,AA,2,1
1.673,0,-1.673,-1.6716,231,12:00.0,FAB-1,ASML,ARF-1,T11.2P,POR,RET-2,4413,MET_4413_2021-16-10T09:18:57.931Z,OVL-1,P,AA,0,0
0.909,0,-0.909,-0.68075,228,00:00.0,FAB-1,ASML,ARF-1,T11.4P,POR,RET-1,4414,MET_4414_2021-16-10T09:18:25.675Z,OVL-1,P,AA,1,0
0.724,0,-0.724,-0.59705,225,48:00.0,FAB-1,ASML,ARF-1,T11.4P,POR,RET-3,4416,MET_4416_2021-16-10T09:18:05.454Z,OVL-3,P,AA,1,2
0.759,0,-0.759,-0.589,222,36:00.0,FAB-1,ASML,ARF-1,T11.4P,POR,RET-4,4417,MET_4417_2021-16-10T09:17:44.774Z,OVL-3,P,AA,1,2
1.726,0,-1.726,-1.66425,219,24:00.0,FAB-1,ASML,ARF-1,T11.2P,POR,RET-4,4421,MET_4421_2021-16-10T09:17:27.332Z,OVL-1,P,AA,0,0
-0.083,0,0.083,-0.48995,216,12:00.0,FAB-1,ASML,ARF-1,T11.4P,POR,RET-4,4422,MET_4422_2021-16-10T09:17:08.430Z,OVL-2,P,AA,1,1
1.636,0,-1.636,-1.63345,213,00:00.0,FAB-1,ASML,ARF-1,T11.2P,POR,RET-3,4426,MET_4426_2021-16-10T09:16:37.529Z,OVL-1,P,AA,0,0
0.845,0,-0.845,-0.7065,210,48:00.0,FAB-1,ASML,ARF-1,T11.4P,POR,RET-3,4428,MET_4428_2021-16-10T09:15:56.781Z,OVL-1,P,AA,1,0
0.875,0,-0.875,-0.60555,207,36:00.0,FAB-1,ASML,ARF-1,T11.4P,POR,RET-1,4429,MET_4429_2021-16-10T09:15:39.511Z,OVL-1,P,AA,1,0
1.648,0,-1.648,-1.63525,204,24:00.0,FAB-1,ASML,ARF-1,T11.2P,POR,RET-1,4430,MET_4430_2021-16-10T09:15:09.517Z,OVL-1,P,AA,0,0
0.877,0,-0.877,-0.51085,201,12:00.0,FAB-1,ASML,ARF-1,T11.4P,POR,RET-1,4434,MET_4434_2021-16-10T09:14:48.464Z,OVL-1,P,AA,1,0
0.024,0,-0.024,-0.3449,198,00:00.0,FAB-1,ASML,ARF-1,T11.4P,POR,RET-2,4436,MET_4436_2021-16-10T09:14:31.989Z,OVL-2,P,AA,1,1
1.603,0,-1.603,-1.62545,195,48:00.0,FAB-1,ASML,ARF-1,T11.2P,POR,RET-1,4441,MET_4441_2021-16-10T09:14:15.796Z,OVL-1,P,AA,0,0
0.127,0,-0.127,0.00175,192,36:00.0,FAB-1,ASML,ARF-1,T11.4S,POR,RET-3,4444,MET_4444_2021-16-10T09:13:59.644Z,OVL-1,P,AA,2,0
1.622,0,-1.622,-1.64405,189,24:00.0,FAB-1,ASML,ARF-1,T11.2P,POR,RET-4,4446,MET_4446_2021-16-10T09:13:43.645Z,OVL-3,P,AA,0,2
0.26,0,-0.26,-0.49915,186,12:00.0,FAB-1,ASML,ARF-1,T11.4P,POR,RET-3,4456,MET_4456_2021-16-10T09:13:27.442Z,OVL-2,P,AA,1,1
0.725,0,-0.725,-0.6335,183,00:00.0,FAB-1,ASML,ARF-1,T11.4P,POR,RET-4,4466,MET_4466_2021-16-10T09:13:11.198Z,OVL-3,P,AA,1,2
1.699,0,-1.699,-1.6666,180,48:00.0,FAB-1,ASML,ARF-1,T11.2P,POR,RET-4,4470,MET_4470_2021-16-10T09:12:55.053Z,OVL-2,P,AA,0,1
0.197,0,-0.197,0.04355,177,36:00.0,FAB-1,ASML,ARF-1,T11.4S,POR,RET-3,4471,MET_4471_2021-16-10T09:12:38.890Z,OVL-1,P,AA,2,0
0.743,0,-0.743,-0.61975,174,24:00.0,FAB-1,ASML,ARF-1,T11.4P,POR,RET-2,4472,MET_4472_2021-16-10T09:12:22.682Z,OVL-3,P,AA,1,2
1.569,0,-1.569,-1.65315,171,12:00.0,FAB-1,ASML,ARF-1,T11.2P,POR,RET-2,4473,MET_4473_2021-16-10T09:12:06.335Z,OVL-3,P,AA,0,2
0.301,0,-0.301,-0.5899,168,00:00.0,FAB-1,ASML,ARF-1,T11.4P,POR,RET-2,4476,MET_4476_2021-16-10T09:11:50.308Z,OVL-2,P,AA,1,1
1.675,0,-1.675,-1.6973,165,48:00.0,FAB-1,ASML,ARF-1,T11.2P,POR,RET-4,4480,MET_4480_2021-16-10T09:11:34.332Z,OVL-1,P,AA,0,0
1.731,0,-1.731,-1.69995,162,36:00.0,FAB-1,ASML,ARF-1,T11.2P,POR,RET-3,4484,MET_4484_2021-16-10T09:11:18.400Z,OVL-1,P,AA,0,0
0.663,0,-0.663,-0.7452,159,24:00.0,FAB-1,ASML,ARF-1,T11.4P,POR,RET-3,4485,MET_4485_2021-16-10T09:11:02.313Z,OVL-2,P,AA,1,1
1.701,0,-1.701,-1.60425,156,12:00.0,FAB-1,ASML,ARF-1,T11.2P,POR,RET-4,4487,MET_4487_2021-16-10T09:10:43.907Z,OVL-1,P,AA,0,0
-0.491,0,0.491,-0.3413,153,00:00.0,FAB-1,ASML,ARF-1,T11.4P,POR,RET-3,4489,MET_4489_2021-16-10T09:10:28.243Z,OVL-2,P,AA,1,1
1.678,0,-1.678,-1.4122,150,48:00.0,FAB-1,ASML,ARF-1,T11.2P,POR,RET-4,4492,MET_4492_2021-16-10T09:10:11.909Z,OVL-1,P,AA,0,0
-0.116,0,0.116,0.15075,147,36:00.0,FAB-1,ASML,ARF-1,T11.4S,POR,RET-3,4493,MET_4493_2021-16-10T09:09:53.983Z,OVL-2,P,AA,2,1
0.687,0,-0.687,-0.7455,144,24:00.0,FAB-1,ASML,ARF-1,T11.4P,POR,RET-1,4495,MET_4495_2021-16-10T09:09:33.302Z,OVL-3,P,AA,1,2
-0.576,0,0.576,0.1371,141,12:00.0,FAB-1,ASML,ARF-1,T11.4S,POR,RET-4,4499,MET_4499_2021-16-10T09:09:07.642Z,OVL-2,P,AA,2,1
1.728,0,-1.728,-1.2383,138,00:00.0,FAB-1,ASML,ARF-1,T11.2P,POR,RET-1,4502,MET_4502_2021-16-10T09:08:52.006Z,OVL-1,P,AA,0,0
1.481,0,-1.481,-1.09665,135,48:00.0,FAB-1,ASML,ARF-1,T11.2P,POR,RET-1,4506,MET_4506_2021-16-10T09:08:35.680Z,OVL-3,P,AA,0,2
0.976,0,-0.976,-0.6996,132,36:00.0,FAB-1,ASML,ARF-1,T11.4P,POR,RET-2,4508,MET_4508_2021-16-10T09:08:18.972Z,OVL-1,P,AA,1,0
0.7,0,-0.7,-0.5574,129,24:00.0,FAB-1,ASML,ARF-1,T11.4P,POR,RET-1,4517,MET_4517_2021-16-10T09:08:02.528Z,OVL-3,P,AA,1,2
0.433,0,-0.433,-0.95545,126,12:00.0,FAB-1,ASML,ARF-1,T11.2P,POR,RET-3,4518,MET_4518_2021-16-10T09:07:47.120Z,OVL-2,P,AA,0,1
0.824,0,-0.824,-0.5434,123,00:00.0,FAB-1,ASML,ARF-1,T11.4P,POR,RET-4,4522,MET_4522_2021-16-10T09:07:31.741Z,OVL-3,P,AA,1,2
0.283,0,-0.283,-0.11705,120,48:00.0,FAB-1,ASML,ARF-1,T11.4S,POR,RET-3,4524,MET_4524_2021-16-10T09:07:16.468Z,OVL-1,P,AA,2,0
-0.215,0,0.215,-0.0356,117,36:00.0,FAB-1,ASML,ARF-1,T11.4S,POR,RET-1,4525,MET_4525_2021-16-10T09:07:01.108Z,OVL-2,P,AA,2,1
0.635,0,-0.635,-1.3539,114,24:00.0,FAB-1,ASML,ARF-1,T11.2P,POR,RET-4,4527,MET_4527_2021-16-10T09:06:45.417Z,OVL-2,P,AA,0,1
-0.051,0,0.051,-0.4573,111,12:00.0,FAB-1,ASML,ARF-1,T11.4P,POR,RET-1,4530,MET_4530_2021-16-10T09:06:27.513Z,OVL-2,P,AA,1,1
1.628,0,-1.628,-1.6979,108,00:00.0,FAB-1,ASML,ARF-1,T11.2P,POR,RET-3,4534,MET_4534_2021-16-10T09:06:08.733Z,OVL-1,P,AA,0,0
0.517,0,-0.517,-0.7366,105,48:00.0,FAB-1,ASML,ARF-1,T11.4P,POR,RET-4,4538,MET_4538_2021-16-10T09:05:53.454Z,OVL-2,P,AA,1,1
0.781,0,-0.781,-0.81335,102,36:00.0,FAB-1,ASML,ARF-1,T11.4P,POR,RET-3,4540,MET_4540_2021-16-10T09:05:38.041Z,OVL-3,P,AA,1,2
0.19,0,-0.19,-0.16605,99,24:00.0,FAB-1,ASML,ARF-1,T11.4S,POR,RET-2,4541,MET_4541_2021-16-10T09:05:22.496Z,OVL-1,P,AA,2,0
1.977,0,-1.977,-1.71165,96,12:00.0,FAB-1,ASML,ARF-1,T11.2P,POR,RET-4,4545,MET_4545_2021-16-10T09:05:03.726Z,OVL-2,P,AA,0,1
0.944,0,-0.944,-0.8051,93,00:00.0,FAB-1,ASML,ARF-1,T11.4P,POR,RET-1,4547,MET_4547_2021-16-10T09:04:41.867Z,OVL-1,P,AA,1,0
0.165,0,-0.165,-0.1756,90,48:00.0,FAB-1,ASML,ARF-1,T11.4S,POR,RET-1,4549,MET_4549_2021-16-10T09:04:24.805Z,OVL-1,P,AA,2,0
0.962,0,-0.962,-0.74975,87,36:00.0,FAB-1,ASML,ARF-1,T11.4P,POR,RET-2,4553,MET_4553_2021-16-10T09:04:08.945Z,OVL-1,P,AA,1,0
0.46,0,-0.46,-1.1807,84,24:00.0,FAB-1,ASML,ARF-1,T11.2P,POR,RET-3,4554,MET_4554_2021-16-10T09:03:53.190Z,OVL-2,P,AA,0,1
0.18,0,-0.18,-0.20005,81,12:00.0,FAB-1,ASML,ARF-1,T11.4S,POR,RET-2,4555,MET_4555_2021-16-10T09:03:38.095Z,OVL-1,P,AA,2,0
0.067,0,-0.067,-0.1885,78,00:00.0,FAB-1,ASML,ARF-1,T11.4S,POR,RET-2,4559,MET_4559_2021-16-10T09:03:23.187Z,OVL-3,P,AA,2,2
0.546,0,-0.546,-0.67255,75,48:00.0,FAB-1,ASML,ARF-1,T11.4P,POR,RET-1,4567,MET_4567_2021-16-10T09:03:07.248Z,OVL-2,P,AA,1,1
1.725,0,-1.725,-1.53975,72,36:00.0,FAB-1,ASML,ARF-1,T11.2P,POR,RET-1,4574,MET_4574_2021-16-10T09:02:52.389Z,OVL-1,P,AA,0,0
0.594,0,-0.594,-0.7558,69,24:00.0,FAB-1,ASML,ARF-1,T11.4P,POR,RET-4,4575,MET_4575_2021-16-10T09:02:37.075Z,OVL-2,P,AA,1,1
1.41,0,-1.41,-1.3856,66,12:00.0,FAB-1,ASML,ARF-1,T11.2P,POR,RET-3,4576,MET_4576_2021-16-10T09:02:22.247Z,OVL-2,P,AA,0,1
0.245,0,-0.245,-0.1601,63,00:00.0,FAB-1,ASML,ARF-1,T11.4S,POR,RET-1,4580,MET_4580_2021-16-10T09:02:07.128Z,OVL-1,P,AA,2,0
0.718,0,-0.718,-0.85145,60,48:00.0,FAB-1,ASML,ARF-1,T11.4P,POR,RET-2,4582,MET_4582_2021-16-10T09:01:52.190Z,OVL-3,P,AA,1,2
1.547,0,-1.547,-1.34115,57,36:00.0,FAB-1,ASML,ARF-1,T11.2P,POR,RET-2,4587,MET_4587_2021-16-10T09:01:37.076Z,OVL-3,P,AA,0,2
1.488,0,-1.488,-1.23885,54,24:00.0,FAB-1,ASML,ARF-1,T11.2P,POR,RET-2,4588,MET_4588_2021-16-10T09:01:22.392Z,OVL-3,P,AA,0,2
1.001,0,-1.001,-0.88035,51,12:00.0,FAB-1,ASML,ARF-1,T11.4P,POR,RET-2,4589,MET_4589_2021-16-10T09:01:02.991Z,OVL-1,P,AA,1,0
1.018,0,-1.018,-1.15755,48,00:00.0,FAB-1,ASML,ARF-1,T11.2P,POR,RET-4,4591,MET_4591_2021-16-10T09:00:43.425Z,OVL-2,P,AA,0,1
1.101,0,-1.101,-1.29255,45,48:00.0,FAB-1,ASML,ARF-1,T11.2P,POR,RET-2,4602,MET_4602_2021-16-10T09:00:14.021Z,OVL-2,P,AA,0,1
0.784,0,-0.784,-0.7331,42,36:00.0,FAB-1,ASML,ARF-1,T11.4P,POR,RET-1,4607,MET_4607_2021-16-10T08:59:48.918Z,OVL-3,P,AA,1,2
1.179,0,-1.179,-1.4132,39,24:00.0,FAB-1,ASML,ARF-1,T11.2P,POR,RET-1,4609,MET_4609_2021-16-10T08:59:34.481Z,OVL-2,P,AA,0,1
1.012,0,-1.012,-0.69085,36,12:00.0,FAB-1,ASML,ARF-1,T11.4P,POR,RET-4,4610,MET_4610_2021-16-10T08:59:19.471Z,OVL-1,P,AA,1,0
0.826,0,-0.826,-0.39065,33,00:00.0,FAB-1,ASML,ARF-1,T11.4P,POR,RET-3,4611,MET_4611_2021-16-10T08:59:04.382Z,OVL-3,P,AA,1,2
1.33,0,-1.33,-1.5473,30,48:00.0,FAB-1,ASML,ARF-1,T11.2P,POR,RET-3,4612,MET_4612_2021-16-10T08:58:49.386Z,OVL-2,P,AA,0,1
0.614,0,-0.614,-1.2967,29,36:00.0,FAB-1,ASML,ARF-1,T11.2P,POR,RET-4,4613,MET_4613_2021-16-10T08:58:44.762Z,OVL-2,P,AA,0,1
0.154,0,-0.154,-0.5319,28,24:00.0,FAB-1,ASML,ARF-1,T11.4P,POR,RET-4,4617,MET_4617_2021-16-10T08:58:40.024Z,OVL-2,P,AA,1,1
1.814,0,-1.814,-1.67415,27,12:00.0,FAB-1,ASML,ARF-1,T11.2P,POR,RET-2,4620,MET_4620_2021-16-10T08:58:35.453Z,OVL-1,P,AA,0,0
0.454,0,-0.454,0.0238,26,00:00.0,FAB-1,ASML,ARF-1,T11.4S,POR,RET-3,4623,MET_4623_2021-16-10T08:58:30.917Z,OVL-2,P,AA,2,1
0.348,0,-0.348,-0.74865,25,48:00.0,FAB-1,ASML,ARF-1,T11.4P,POR,RET-2,4628,MET_4628_2021-16-10T08:58:26.192Z,OVL-2,P,AA,1,1
1.487,0,-1.487,-1.60175,24,36:00.0,FAB-1,ASML,ARF-1,T11.2P,POR,RET-2,4629,MET_4629_2021-16-10T08:58:21.457Z,OVL-3,P,AA,0,2
1.644,0,-1.644,-1.6361,23,24:00.0,FAB-1,ASML,ARF-1,T11.2P,POR,RET-2,4633,MET_4633_2021-16-10T08:58:16.825Z,OVL-1,P,AA,0,0
0.064,0,-0.064,0.2543,22,12:00.0,FAB-1,ASML,ARF-1,T11.4S,POR,RET-4,4634,MET_4634_2021-16-10T08:58:12.256Z,OVL-3,P,AA,2,2
1.686,0,-1.686,-1.5915,21,00:00.0,FAB-1,ASML,ARF-1,T11.2P,POR,RET-4,4637,MET_4637_2021-16-10T08:58:07.526Z,OVL-1,P,AA,0,0
1.716,0,-1.716,-1.53085,20,48:00.0,FAB-1,ASML,ARF-1,T11.2P,POR,RET-2,4639,MET_4639_2021-16-10T08:58:02.794Z,OVL-3,P,AA,0,2
-0.358,0,0.358,-0.50155,19,36:00.0,FAB-1,ASML,ARF-1,T11.4P,POR,RET-3,4650,MET_4650_2021-16-10T08:57:58.161Z,OVL-2,P,AA,1,1
1.514,0,-1.514,-1.47335,18,24:00.0,FAB-1,ASML,ARF-1,T11.2P,POR,RET-2,4653,MET_4653_2021-16-10T08:57:53.584Z,OVL-3,P,AA,0,2
1.378,0,-1.378,-1.4797,17,12:00.0,FAB-1,ASML,ARF-1,T11.2P,POR,RET-2,4656,MET_4656_2021-16-10T08:57:49.029Z,OVL-2,P,AA,0,1
0.943,0,-0.943,-0.93645,16,00:00.0,FAB-1,ASML,ARF-1,T11.4P,POR,RET-1,4657,MET_4657_2021-16-10T08:57:44.409Z,OVL-2,P,AA,1,1
1.258,0,-1.258,-1.5241,15,48:00.0,FAB-1,ASML,ARF-1,T11.2P,POR,RET-1,4658,MET_4658_2021-16-10T08:57:39.822Z,OVL-2,P,AA,0,1
0.068,0,-0.068,0.4423,14,36:00.0,FAB-1,ASML,ARF-1,T11.4S,POR,RET-2,4661,MET_4661_2021-16-10T08:57:35.376Z,OVL-3,P,AA,2,2
-1.243,0,1.243,1.243,13,24:00.0,FAB-1,ASML,ARF-1,T11.4S,POR,RET-3,4662,MET_4662_2021-16-10T08:57:30.783Z,OVL-2,P,AA,2,1
1.749,0,-1.749,-1.6969,12,12:00.0,FAB-1,ASML,ARF-1,T11.2P,POR,RET-4,4664,MET_4664_2021-16-10T08:57:26.287Z,OVL-1,P,AA,0,0
1.7,0,-1.7,-1.7,11,00:00.0,FAB-1,ASML,ARF-1,T11.2P,POR,RET-2,4667,MET_4667_2021-16-10T08:57:21.804Z,OVL-1,P,AA,0,0
1.013,0,-1.013,-0.8967,10,48:00.0,FAB-1,ASML,ARF-1,T11.4P,POR,RET-2,4672,MET_4672_2021-16-10T08:57:17.186Z,OVL-1,P,AA,1,0
1.009,0,-1.009,-0.8115,9,36:00.0,FAB-1,ASML,ARF-1,T11.4P,POR,RET-3,4676,MET_4676_2021-16-10T08:57:12.568Z,OVL-1,P,AA,1,0
0.743,0,-0.743,-0.73055,8,24:00.0,FAB-1,ASML,ARF-1,T11.4P,POR,RET-3,4677,MET_4677_2021-16-10T08:57:07.836Z,OVL-3,P,AA,1,2
0.798,0,-0.798,-0.7393,7,12:00.0,FAB-1,ASML,ARF-1,T11.4P,POR,RET-2,4678,MET_4678_2021-16-10T08:57:03.229Z,OVL-3,P,AA,1,2
0.432,0,-0.432,-0.7004,6,00:00.0,FAB-1,ASML,ARF-1,T11.4P,POR,RET-1,4679,MET_4679_2021-16-10T08:56:58.620Z,OVL-2,P,AA,1,1
0.964,0,-0.964,-0.8788,5,48:00.0,FAB-1,ASML,ARF-1,T11.4P,POR,RET-2,4685,MET_4685_2021-16-10T08:56:54.060Z,OVL-1,P,AA,1,0
0.8,0,-0.8,-0.8,4,36:00.0,FAB-1,ASML,ARF-1,T11.4P,POR,RET-3,4689,MET_4689_2021-16-10T08:56:49.399Z,OVL-3,P,AA,1,2
1.562,0,-1.562,-1.562,3,24:00.0,FAB-1,ASML,ARF-1,T11.2P,POR,RET-1,4697,MET_4697_2021-16-10T08:56:44.929Z,OVL-3,P,AA,0,2
0.784,0,-0.784,-0.784,2,12:00.0,FAB-1,ASML,ARF-1,T11.4P,POR,RET-2,4709,MET_4709_2021-16-10T08:56:40.145Z,OVL-3,P,AA,1,2
-0.517,0,0.517,0.517,1,00:00.0,FAB-1,ASML,ARF-1,T11.4S,POR,RET-3,4710,MET_4710_2021-16-10T08:56:35.017Z,OVL-2,P,AA,2,1
